Record Length,1024,Points,0.0,5.03089952,
Sample Interval,24.66066933,Hz,24.66066933,7.430899620,
Trigger Point,0.0,Samples,49.32133865,1.0308994,
,,,73.982009888,-60.969100952,
,,,98.642677307,-55.369102478,
,,,123.3033447,-54.56910324,
Source,MATH,,147.9640198,-58.569103241,
Vertical Units,dB,,172.62467957,-55.369102478,
Vertical Scale,10.0000001,,197.28535461,-60.969100952,
Vertical Offset,-20,9691,,221.94602966,-54.56910324,
Horizontal Units,Hz,,246.60668945,-54.56910324,
Horizontal Scale,2.5252527E3,,271.26736450,-54.56910324,
Pt Fmt,Y,,295.92803955,-51.36910248,
Yzero,0.0,,320.58871460,-60.969100952,
,,,345.24935913,-55.369102478,
,,,369.91003418,-54.56910324,
Note,TDS 2012C - 11:55:46 a. m.   29/07/2026,,394.57070923,-60.969100952,
,,,419.231384277,-50.16910172,
,,,443.892059326,-43.76910019,
,,,468.552703857,-38.56909943,
,,,493.213378906,-34.96910095,
,,,517.874084473,-35.36910248,
,,,542.534729004,-40.16910172,
,,,567.195373535,-50.16910172,
,,,591.856079102,-54.56910324,
,,,616.516723633,-55.369102478,
,,,641.177429199,-54.56910324,
,,,665.838073730,-60.969100952,
,,,690.498718262,-50.16910172,
,,,715.159423828,-58.569103241,
,,,739.820068359,-60.969100952,
,,,764.480773926,-58.569103241,
,,,789.141418457,-55.369102478,
,,,813.802062988,-60.969100952,
,,,838.462768555,-50.16910172,
,,,863.123413086,-60.969100952,
,,,887.784118652,-55.369102478,
,,,912.444763184,-58.569103241,
,,,937.105407715,-49.36910248,
,,,961.766113281,-35.76910019,
,,,986.426757813,-33.76910019,
,,,1.0110875E3,-32.56909943,
,,,1.0357482E3,-36.16910172,
,,,1.0604089E3,-45.76910019,
,,,1.0850695E3,-54.56910324,
,,,1.1097302E3,-55.369102478,
,,,1.1343908E3,-60.969100952,
,,,1.1590516E3,-51.36910248,
,,,1.1837122E3,-55.369102478,
,,,1.2083729E3,-55.369102478,
,,,1.2330335E3,-54.56910324,
,,,1.2576942E3,-60.969100952,
,,,1.2823549E3,-54.56910324,
,,,1.3070156E3,-54.56910324,
,,,1.3316762E3,-54.56910324,
,,,1.3563369E3,-54.56910324,
,,,1.3809975E3,-60.969100952,
,,,1.4056583E3,-60.969100952,
,,,1.4303189E3,-54.56910324,
,,,1.4549796E3,-34.56909943,
,,,1.4796402E3,-30.96910095,
,,,1.5043009E3,-30.16910172,
,,,1.5289616E3,-30.96910095,
,,,1.5536223E3,-39.36910248,
,,,1.5782829E3,-54.56910324,
,,,1.6029436E3,-60.969100952,
,,,1.6276042E3,-55.369102478,
,,,1.6522650E3,-55.369102478,
,,,1.6769256E3,-60.969100952,
,,,1.7015863E3,-60.969100952,
,,,1.7262469E3,-55.369102478,
,,,1.7509076E3,-60.969100952,
,,,1.7755683E3,-58.569103241,
,,,1.8002290E3,-58.569103241,
,,,1.8248896E3,-60.969100952,
,,,1.8495503E3,-58.569103241,
,,,1.8742109E3,-51.36910248,
,,,1.8988717E3,-55.369102478,
,,,1.9235323E3,-55.369102478,
,,,1.9481930E3,-32.16910172,
,,,1.9728536E3,-24.56910133,
,,,1.9975143E3,-23.76910019,
,,,2.0221750E3,-23.76910019,
,,,2.0468357E3,-30.16910172,
,,,2.0714964E3,-52.56910324,
,,,2.0961571E3,-55.369102478,
,,,2.1208177E3,-52.56910324,
,,,2.1454784E3,-58.569103241,
,,,2.1701390E3,-54.56910324,
,,,2.1947997E3,-58.569103241,
,,,2.2194603E3,-58.569103241,
,,,2.2441210E3,-60.969100952,
,,,2.2687816E3,-60.969100952,
,,,2.2934422E3,-54.56910324,
,,,2.3181031E3,-49.36910248,
,,,2.3427638E3,-46.96910095,
,,,2.3674244E3,-42.16910172,
,,,2.3920851E3,-36.96910095,
,,,2.4167457E3,-27.76910019,
,,,2.4414064E3,-9.769101143,
,,,2.4660670E3,2.2308993,
,,,2.4907277E3,3.83089948,
,,,2.5153883E3,3.83089948,
,,,2.5400489E3,630.899369717E-3,
,,,2.5647098E3,-15.7691011,
,,,2.5893705E3,-30.96910095,
,,,2.6140311E3,-40.16910172,
,,,2.6386918E3,-47.36910248,
,,,2.6633524E3,-52.56910324,
,,,2.6880131E3,-54.56910324,
,,,2.7126737E3,-55.369102478,
,,,2.73733436E3,-55.369102478,
,,,2.76199500E3,-55.369102478,
,,,2.78665565E3,-58.569103241,
,,,2.81131654E3,-58.569103241,
,,,2.83597719E3,-58.569103241,
,,,2.86063783E3,-55.369102478,
,,,2.88529848E3,-51.36910248,
,,,2.90995912E3,-48.96910095,
,,,2.93461977E3,-39.76910019,
,,,2.95928041E3,-23.76910019,
,,,2.98394106E3,-20.16910172,
,,,3.00860171E3,-19.7691002,
,,,3.03326235E3,-21.76910019,
,,,3.05792324E3,-31.76910019,
,,,3.08258389E3,-49.36910248,
,,,3.10724453E3,-51.76910019,
,,,3.13190518E3,-58.569103241,
,,,3.15656582E3,-54.56910324,
,,,3.18122647E3,-60.969100952,
,,,3.20588712E3,-60.969100952,
,,,3.23054776E3,-54.56910324,
,,,3.25520841E3,-58.569103241,
,,,3.27986930E3,-60.969100952,
,,,3.30452994E3,-58.569103241,
,,,3.32919059E3,-52.56910324,
,,,3.35385123E3,-58.569103241,
,,,3.37851188E3,-52.56910324,
,,,3.40317252E3,-60.969100952,
,,,3.42783317E3,-55.369102478,
,,,3.45249382E3,-29.36910057,
,,,3.47715446E3,-24.16910172,
,,,3.50181511E3,-23.36910057,
,,,3.52647600E3,-24.56910133,
,,,3.55113664E3,-30.96910095,
,,,3.57579729E3,-60.969100952,
,,,3.60045793E3,-54.56910324,
,,,3.62511858E3,-58.569103241,
,,,3.64977923E3,-51.36910248,
,,,3.67443987E3,-55.369102478,
,,,3.69910052E3,-60.969100952,
,,,3.72376116E3,-58.569103241,
,,,3.74842181E3,-54.56910324,
,,,3.77308270E3,-60.969100952,
,,,3.79774334E3,-60.969100952,
,,,3.82240399E3,-52.56910324,
,,,3.84706464E3,-51.36910248,
,,,3.87172528E3,-54.56910324,
,,,3.89638593E3,-50.16910172,
,,,3.92104657E3,-46.16910172,
,,,3.94570722E3,-32.96910095,
,,,3.97036786E3,-24.16910172,
,,,3.99502851E3,-22.96910095,
,,,4.01968940E3,-22.96910095,
,,,4.04435005E3,-28.16910172,
,,,4.06901069E3,-48.56910324,
,,,4.09367134E3,-48.56910324,
,,,4.11833174E3,-58.569103241,
,,,4.14299287E3,-54.56910324,
,,,4.16765352E3,-60.969100952,
,,,4.19231416E3,-60.969100952,
,,,4.21697481E3,-58.569103241,
,,,4.24163546E3,-55.369102478,
,,,4.26629610E3,-60.969100952,
,,,4.29095675E3,-58.569103241,
,,,4.31561739E3,-54.56910324,
,,,4.34027804E3,-54.56910324,
,,,4.36493868E3,-54.56910324,
,,,4.38959933E3,-54.56910324,
,,,4.41425998E3,-48.96910095,
,,,4.43892062E3,-34.96910095,
,,,4.46358127E3,-20.96910095,
,,,4.48824191E3,-18.9691010,
,,,4.51290256E3,-18.5691013,
,,,4.53756320E3,-21.36910057,
,,,4.56222385E3,-34.56909943,
,,,4.58688450E3,-51.76910019,
,,,4.61154514E3,-60.969100952,
,,,4.63620627E3,-60.969100952,
,,,4.66086692E3,-55.369102478,
,,,4.68552757E3,-58.569103241,
,,,4.71018821E3,-60.969100952,
,,,4.73484886E3,-60.969100952,
,,,4.75950950E3,-58.569103241,
,,,4.78417015E3,-55.369102478,
,,,4.80883079E3,-52.56910324,
,,,4.83349144E3,-50.16910172,
,,,4.85815209E3,-48.56910324,
,,,4.88281273E3,-46.96910095,
,,,4.90747338E3,-37.36910248,
,,,4.93213402E3,-23.76910019,
,,,4.95679467E3,-2.5691006,
,,,4.98145531E3,1.8308994,
,,,5.00611596E3,2.2308993,
,,,5.03077661E3,1.0308994,
,,,5.05543725E3,-8.569100380,
,,,5.08009790E3,-30.96910095,
,,,5.10475903E3,-44.16910172,
,,,5.12941968E3,-46.96910095,
,,,5.15408032E3,-54.56910324,
,,,5.17874097E3,-55.369102478,
,,,5.20340161E3,-51.36910248,
,,,5.22806226E3,-58.569103241,
,,,5.25272291E3,-51.36910248,
,,,5.27738355E3,-60.969100952,
,,,5.30204420E3,-60.969100952,
,,,5.32670484E3,-58.569103241,
,,,5.35136549E3,-55.369102478,
,,,5.37602613E3,-52.56910324,
,,,5.40068678E3,-58.569103241,
,,,5.42534743E3,-58.569103241,
,,,5.45000807E3,-24.16910172,
,,,5.47466872E3,-16.9691010,
,,,5.49932936E3,-16.1691017,
,,,5.52399001E3,-16.9691010,
,,,5.54865065E3,-22.56910133,
,,,5.57331130E3,-51.76910019,
,,,5.59797243E3,-60.969100952,
,,,5.62263308E3,-60.969100952,
,,,5.64729373E3,-54.56910324,
,,,5.67195437E3,-54.56910324,
,,,5.69661502E3,-54.56910324,
,,,5.72127566E3,-55.369102478,
,,,5.74593631E3,-58.569103241,
,,,5.77059695E3,-58.569103241,
,,,5.79525760E3,-54.56910324,
,,,5.81991825E3,-55.369102478,
,,,5.84457889E3,-60.969100952,
,,,5.86923954E3,-58.569103241,
,,,5.89390018E3,-55.369102478,
,,,5.91856083E3,-51.36910248,
,,,5.94322147E3,-32.16910172,
,,,5.96788212E3,-22.56910133,
,,,5.99254277E3,-20.96910095,
,,,6.01720341E3,-21.36910057,
,,,6.04186406E3,-24.96910095,
,,,6.06652470E3,-41.76910019,
,,,6.09118584E3,-54.56910324,
,,,6.11584648E3,-51.36910248,
,,,6.14050713E3,-51.76910019,
,,,6.16516777E3,-58.569103241,
,,,6.18982842E3,-54.56910324,
,,,6.21448906E3,-60.969100952,
,,,6.23914971E3,-51.76910019,
,,,6.26381036E3,-60.969100952,
,,,6.28847100E3,-54.56910324,
,,,6.31313165E3,-60.969100952,
,,,6.33779229E3,-58.569103241,
,,,6.36245294E3,-58.569103241,
,,,6.38711358E3,-54.56910324,
,,,6.41177423E3,-46.96910095,
,,,6.43643488E3,-40.16910172,
,,,6.46109552E3,-24.96910095,
,,,6.48575617E3,-21.76910019,
,,,6.51041681E3,-21.36910057,
,,,6.53507746E3,-23.76910019,
,,,6.55973859E3,-34.16910172,
,,,6.58439924E3,-48.96910095,
,,,6.60905988E3,-52.56910324,
,,,6.63372053E3,-58.569103241,
,,,6.65838118E3,-60.969100952,
,,,6.68304182E3,-55.369102478,
,,,6.70770247E3,-58.569103241,
,,,6.73236311E3,-60.969100952,
,,,6.75702376E3,-60.969100952,
,,,6.78168440E3,-58.569103241,
,,,6.80634505E3,-60.969100952,
,,,6.83100570E3,-51.36910248,
,,,6.85566634E3,-54.56910324,
,,,6.88032699E3,-54.56910324,
,,,6.90498763E3,-60.969100952,
,,,6.92964828E3,-50.16910172,
,,,6.95430892E3,-23.36910057,
,,,6.97896957E3,-18.5691013,
,,,7.00363022E3,-18.1691017,
,,,7.02829086E3,-19.3691006,
,,,7.05295200E3,-27.36910057,
,,,7.07761264E3,-52.56910324,
,,,7.10227329E3,-58.569103241,
,,,7.12693393E3,-54.56910324,
,,,7.15159458E3,-60.969100952,
,,,7.17625522E3,-55.369102478,
,,,7.20091587E3,-60.969100952,
,,,7.22557652E3,-60.969100952,
,,,7.25023716E3,-55.369102478,
,,,7.27489781E3,-60.969100952,
,,,7.29955845E3,-54.56910324,
,,,7.32421910E3,-60.969100952,
,,,7.34887974E3,-55.369102478,
,,,7.37354039E3,-52.56910324,
,,,7.398201035E3,-42.96910095,
,,,7.422861681E3,-35.76910019,
,,,7.447522326E3,-10.5691004,
,,,7.472182972E3,-2.1691008,
,,,7.496843618E3,-1.3691007,
,,,7.521504264E3,-1.3691007,
,,,7.546165397E3,-6.56910086,
,,,7.570826043E3,-30.96910095,
,,,7.595486689E3,-40.56909943,
,,,7.620147335E3,-51.36910248,
,,,7.644807980E3,-54.56910324,
,,,7.669468626E3,-58.569103241,
,,,7.694129272E3,-60.969100952,
,,,7.718789917E3,-58.569103241,
,,,7.743450563E3,-54.56910324,
,,,7.768111209E3,-60.969100952,
,,,7.792771855E3,-60.969100952,
,,,7.817432500E3,-54.56910324,
,,,7.842093146E3,-55.369102478,
,,,7.866753792E3,-54.56910324,
,,,7.891414437E3,-55.369102478,
,,,7.916075083E3,-50.16910172,
,,,7.940735729E3,-30.96910095,
,,,7.965396374E3,-18.9691010,
,,,7.990057020E3,-16.5691013,
,,,8.014718154E3,-16.5691013,
,,,8.039378800E3,-19.3691006,
,,,8.064039446E3,-34.56909943,
,,,8.088700091E3,-50.16910172,
,,,8.113360737E3,-51.36910248,
,,,8.138021383E3,-54.56910324,
,,,8.162682028E3,-54.56910324,
,,,8.187342674E3,-60.969100952,
,,,8.212003320E3,-60.969100952,
,,,8.236663477E3,-60.969100952,
,,,8.261324611E3,-55.369102478,
,,,8.285985745E3,-60.969100952,
,,,8.310645903E3,-54.56910324,
,,,8.335307037E3,-58.569103241,
,,,8.359967194E3,-60.969100952,
,,,8.384628328E3,-55.369102478,
,,,8.409288485E3,-48.96910095,
,,,8.433949619E3,-44.16910172,
,,,8.458609777E3,-26.96910095,
,,,8.483270911E3,-22.16910172,
,,,8.507931068E3,-22.56910133,
,,,8.532592202E3,-23.76910019,
,,,8.557252360E3,-33.76910019,
,,,8.581913494E3,-45.76910019,
,,,8.606573651E3,-54.56910324,
,,,8.631234785E3,-55.369102478,
,,,8.655894942E3,-55.369102478,
,,,8.680556076E3,-60.969100952,
,,,8.705216234E3,-60.969100952,
,,,8.729877368E3,-58.569103241,
,,,8.754538502E3,-54.56910324,
,,,8.779198659E3,-60.969100952,
,,,8.803859793E3,-54.56910324,
,,,8.828519951E3,-60.969100952,
,,,8.853181085E3,-60.969100952,
,,,8.877841242E3,-50.16910172,
,,,8.902502376E3,-60.969100952,
,,,8.927162533E3,-54.56910324,
,,,8.951823667E3,-30.56910133,
,,,8.976483825E3,-24.16910172,
,,,9.001144959E3,-23.36910057,
,,,9.025805116E3,-24.56910133,
,,,9.050466250E3,-30.56910133,
,,,9.075126408E3,-55.369102478,
,,,9.099787542E3,-60.969100952,
,,,9.124447699E3,-55.369102478,
,,,9.149108833E3,-60.969100952,
,,,9.173768990E3,-54.56910324,
,,,9.198430124E3,-54.56910324,
,,,9.223090282E3,-60.969100952,
,,,9.247751416E3,-60.969100952,
,,,9.272412550E3,-60.969100952,
,,,9.297072707E3,-54.56910324,
,,,9.321733841E3,-60.969100952,
,,,9.346393999E3,-60.969100952,
,,,9.371055133E3,-60.969100952,
,,,9.395715290E3,-51.36910248,
,,,9.420376424E3,-49.36910248,
,,,9.445036581E3,-32.16910172,
,,,9.469697715E3,-23.36910057,
,,,9.494357873E3,-21.36910057,
,,,9.519019007E3,-21.76910019,
,,,9.543679164E3,-26.16910172,
,,,9.568340298E3,-43.76910019,
,,,9.593000456E3,-48.96910095,
,,,9.617661590E3,-60.969100952,
,,,9.642321747E3,-54.56910324,
,,,9.666982881E3,-60.969100952,
,,,9.691643038E3,-60.969100952,
,,,9.716304172E3,-60.969100952,
,,,9.740965306E3,-51.36910248,
,,,9.765625464E3,-58.569103241,
,,,9.790286598E3,-60.969100952,
,,,9.814946755E3,-60.969100952,
,,,9.839607889E3,-54.56910324,
,,,9.864268047E3,-51.76910019,
,,,9.888929181E3,-46.56909943,
,,,9.913589338E3,-39.36910248,
,,,9.938250472E3,-24.96910095,
,,,9.962910629E3,-10.5691004,
,,,9.987571763E3,-7.769100666,
,,,10.0122319E3,-7.769100666,
,,,10.0368931E3,-10.1691008,
,,,10.0615532E3,-22.56910133,
,,,10.0862143E3,-38.96910095,
,,,10.1108745E3,-46.96910095,
,,,10.1355356E3,-58.569103241,
,,,10.1601958E3,-60.969100952,
,,,10.1848569E3,-55.369102478,
,,,10.2095181E3,-60.969100952,
,,,10.2341782E3,-58.569103241,
,,,10.2588394E3,-60.969100952,
,,,10.2834995E3,-58.569103241,
,,,10.3081606E3,-58.569103241,
,,,10.3328208E3,-54.56910324,
,,,10.3574819E3,-54.56910324,
,,,10.3821421E3,-52.56910324,
,,,10.4068032E3,-50.16910172,
,,,10.4314634E3,-48.96910095,
,,,10.4561245E3,-26.56910133,
,,,10.4807847E3,-21.36910057,
,,,10.5054458E3,-21.36910057,
,,,10.5301060E3,-22.16910172,
,,,10.5547671E3,-30.96910095,
,,,10.5794273E3,-49.36910248,
,,,10.6040884E3,-60.969100952,
,,,10.6287486E3,-51.36910248,
,,,10.6534097E3,-58.569103241,
,,,10.6780698E3,-60.969100952,
,,,10.7027310E3,-58.569103241,
,,,10.7273921E3,-60.969100952,
,,,10.7520523E3,-55.369102478,
,,,10.7767134E3,-54.56910324,
,,,10.8013736E3,-55.369102478,
,,,10.8260347E3,-60.969100952,
,,,10.8506949E3,-60.969100952,
,,,10.8753560E3,-60.969100952,
,,,10.9000161E3,-54.56910324,
,,,10.9246773E3,-58.569103241,
,,,10.9493374E3,-37.36910248,
,,,10.9739986E3,-29.36910057,
,,,10.9986587E3,-28.56910133,
,,,11.0233199E3,-29.76910019,
,,,11.0479800E3,-34.16910172,
,,,11.0726412E3,-55.369102478,
,,,11.0973013E3,-58.569103241,
,,,11.1219624E3,-58.569103241,
,,,11.1466226E3,-60.969100952,
,,,11.1712837E3,-58.569103241,
,,,11.1959449E3,-58.569103241,
,,,11.2206050E3,-55.369102478,
,,,11.2452662E3,-60.969100952,
,,,11.2699263E3,-58.569103241,
,,,11.2945875E3,-58.569103241,
,,,11.3192476E3,-51.76910019,
,,,11.3439087E3,-51.76910019,
,,,11.3685689E3,-60.969100952,
,,,11.3932300E3,-55.369102478,
,,,11.4178902E3,-55.369102478,
,,,11.4425513E3,-44.56909943,
,,,11.4672115E3,-35.36910248,
,,,11.4918726E3,-31.76910019,
,,,11.5165328E3,-32.96910095,
,,,11.5411939E3,-34.96910095,
,,,11.5658541E3,-51.36910248,
,,,11.5905152E3,-60.969100952,
,,,11.6151754E3,-60.969100952,
,,,11.6398365E3,-54.56910324,
,,,11.6644976E3,-54.56910324,
,,,11.6891578E3,-60.969100952,
,,,11.7138189E3,-60.969100952,
,,,11.7384791E3,-58.569103241,
,,,11.7631402E3,-55.369102478,
,,,11.7878004E3,-60.969100952,
,,,11.8124615E3,-55.369102478,
,,,11.8371217E3,-55.369102478,
,,,11.8617828E3,-60.969100952,
,,,11.8864429E3,-55.369102478,
,,,11.9111041E3,-54.56910324,
,,,11.9357642E3,-48.96910095,
,,,11.9604254E3,-40.16910172,
,,,11.9850855E3,-34.56909943,
,,,12.0097467E3,-34.96910095,
,,,12.0344068E3,-37.36910248,
,,,12.0590680E3,-45.36910248,
,,,12.0837281E3,-50.16910172,
,,,12.1083892E3,-55.369102478,
,,,12.1330494E3,-60.969100952,
,,,12.1577105E3,-60.969100952,
,,,12.1823717E3,-58.569103241,
,,,12.2070318E3,-60.969100952,
,,,12.2316930E3,-60.969100952,
,,,12.2563531E3,-54.56910324,
,,,12.2810143E3,-58.569103241,
,,,12.3056744E3,-55.369102478,
,,,12.3303355E3,-50.16910172,
,,,12.3549957E3,-58.569103241,
,,,12.3796568E3,-58.569103241,
,,,12.4043170E3,-54.56910324,
,,,12.4289781E3,-60.969100952,
,,,12.4536383E3,-41.36910248,
,,,12.4782994E3,-36.56909943,
,,,12.5029596E3,-34.56909943,
,,,12.5276207E3,-36.96910095,
,,,12.5522809E3,-41.76910019,
,,,12.5769420E3,-54.56910324,
,,,12.6016022E3,-60.969100952,
,,,12.6262633E3,-55.369102478,
,,,12.6509244E3,-55.369102478,
,,,12.6755846E3,-52.56910324,
,,,12.7002457E3,-55.369102478,
,,,12.7249059E3,-58.569103241,
,,,12.7495670E3,-55.369102478,
,,,12.7742272E3,-60.969100952,
,,,12.7988883E3,-60.969100952,
,,,12.8235485E3,-58.569103241,
,,,12.8482096E3,-60.969100952,
,,,12.8728698E3,-58.569103241,
,,,12.8975309E3,-51.76910019,
,,,12.9221910E3,-54.56910324,
,,,12.9468522E3,-42.56909943,
,,,12.9715123E3,-37.36910248,
,,,12.9961735E3,-34.96910095,
,,,13.0208336E3,-35.76910019,
,,,13.0454948E3,-40.56909943,
,,,13.0701549E3,-54.56910324,
,,,13.0948161E3,-51.36910248,
,,,13.1194772E3,-55.369102478,
,,,13.1441373E3,-54.56910324,
,,,13.1687985E3,-60.969100952,
,,,13.1934586E3,-60.969100952,
,,,13.2181198E3,-58.569103241,
,,,13.2427799E3,-50.16910172,
,,,13.2674411E3,-60.969100952,
,,,13.2921012E3,-58.569103241,
,,,13.3167624E3,-55.369102478,
,,,13.3414225E3,-55.369102478,
,,,13.3660836E3,-60.969100952,
,,,13.3907438E3,-51.76910019,
,,,13.4154049E3,-58.569103241,
,,,13.4400651E3,-45.76910019,
,,,13.4647262E3,-35.76910019,
,,,13.4893864E3,-34.16910172,
,,,13.5140475E3,-33.36910248,
,,,13.5387077E3,-37.76910019,
,,,13.5633688E3,-45.76910019,
,,,13.5880290E3,-55.369102478,
,,,13.6126901E3,-58.569103241,
,,,13.6373512E3,-55.369102478,
,,,13.6620114E3,-60.969100952,
,,,13.6866725E3,-54.56910324,
,,,13.7113327E3,-58.569103241,
,,,13.7359938E3,-58.569103241,
,,,13.7606540E3,-60.969100952,
,,,13.7853151E3,-60.969100952,
,,,13.8099753E3,-51.76910019,
,,,13.8346364E3,-54.56910324,
,,,13.8592966E3,-60.969100952,
,,,13.8839577E3,-51.76910019,
,,,13.9086178E3,-54.56910324,
,,,13.9332790E3,-55.369102478,
,,,13.9579391E3,-34.16910172,
,,,13.9826003E3,-31.36910057,
,,,14.0072604E3,-30.16910172,
,,,14.0319216E3,-32.16910172,
,,,14.0565817E3,-41.76910019,
,,,14.0812429E3,-58.569103241,
,,,14.1059040E3,-54.56910324,
,,,14.1305641E3,-54.56910324,
,,,14.1552253E3,-54.56910324,
,,,14.1798854E3,-60.969100952,
,,,14.2045466E3,-58.569103241,
,,,14.2292067E3,-60.969100952,
,,,14.2538679E3,-54.56910324,
,,,14.2785280E3,-60.969100952,
,,,14.3031892E3,-55.369102478,
,,,14.3278493E3,-60.969100952,
,,,14.3525104E3,-60.969100952,
,,,14.3771706E3,-54.56910324,
,,,14.4018317E3,-54.56910324,
,,,14.4264919E3,-55.369102478,
,,,14.4511530E3,-32.56909943,
,,,14.4758132E3,-26.56910133,
,,,14.5004743E3,-25.76910019,
,,,14.5251345E3,-25.76910019,
,,,14.5497956E3,-32.56909943,
,,,14.5744567E3,-48.96910095,
,,,14.5991169E3,-60.969100952,
,,,14.6237780E3,-60.969100952,
,,,14.6484382E3,-54.56910324,
,,,14.6730993E3,-54.56910324,
,,,14.6977595E3,-60.969100952,
,,,14.7224206E3,-54.56910324,
,,,14.7470808E3,-58.569103241,
,,,14.7717419E3,-60.969100952,
,,,14.7964021E3,-58.569103241,
,,,14.8210632E3,-54.56910324,
,,,14.8457234E3,-54.56910324,
,,,14.8703845E3,-55.369102478,
,,,14.8950447E3,-50.16910172,
,,,14.9197058E3,-44.16910172,
,,,14.9443659E3,-24.16910172,
,,,14.9690271E3,-13.3691006,
,,,14.9936872E3,-12.1691008,
,,,15.0183484E3,-12.1691008,
,,,15.0430085E3,-15.7691011,
,,,15.0676697E3,-33.76910019,
,,,15.0923308E3,-49.36910248,
,,,15.1169910E3,-60.969100952,
,,,15.1416521E3,-55.369102478,
,,,15.1663122E3,-60.969100952,
,,,15.1909734E3,-55.369102478,
,,,15.2156335E3,-58.569103241,
,,,15.2402947E3,-60.969100952,
,,,15.2649548E3,-54.56910324,
,,,15.2896160E3,-60.969100952,
,,,15.3142761E3,-51.36910248,
,,,15.3389373E3,-58.569103241,
,,,15.3635974E3,-60.969100952,
,,,15.3882585E3,-48.96910095,
,,,15.4129187E3,-49.36910248,
,,,15.4375798E3,-35.36910248,
,,,15.4622400E3,-20.96910095,
,,,15.4869011E3,-17.7691002,
,,,15.5115613E3,-17.7691002,
,,,15.5362224E3,-19.7691002,
,,,15.5608836E3,-30.96910095,
,,,15.5855437E3,-46.16910172,
,,,15.6102048E3,-54.56910324,
,,,15.6348650E3,-52.56910324,
,,,15.6595261E3,-55.369102478,
,,,15.6841863E3,-60.969100952,
,,,15.7088474E3,-58.569103241,
,,,15.7335076E3,-54.56910324,
,,,15.7581687E3,-60.969100952,
,,,15.7828289E3,-58.569103241,
,,,15.8074900E3,-58.569103241,
,,,15.8321502E3,-58.569103241,
,,,15.8568113E3,-48.96910095,
,,,15.8814715E3,-60.969100952,
,,,15.9061326E3,-51.36910248,
,,,15.9307927E3,-58.569103241,
,,,15.9554539E3,-28.56910133,
,,,15.9801140E3,-23.36910057,
,,,16.0047752E3,-22.96910095,
,,,16.0294363E3,-24.16910172,
,,,16.0540965E3,-31.76910019,
,,,16.0787576E3,-49.36910248,
,,,16.1034178E3,-54.56910324,
,,,16.1280789E3,-58.569103241,
,,,16.1527390E3,-60.969100952,
,,,16.1774002E3,-51.36910248,
,,,16.2020603E3,-60.969100952,
,,,16.2267215E3,-60.969100952,
,,,16.2513816E3,-55.369102478,
,,,16.2760428E3,-55.369102478,
,,,16.3007029E3,-54.56910324,
,,,16.3253641E3,-58.569103241,
,,,16.3500242E3,-60.969100952,
,,,16.3746853E3,-54.56910324,
,,,16.3993465E3,-54.56910324,
,,,16.4240066E3,-50.16910172,
,,,16.4486668E3,-31.76910019,
,,,16.4733270E3,-24.56910133,
,,,16.4979891E3,-23.36910057,
,,,16.5226492E3,-23.36910057,
,,,16.5473094E3,-28.96910095,
,,,16.5719715E3,-47.36910248,
,,,16.5966316E3,-51.36910248,
,,,16.6212918E3,-51.36910248,
,,,16.6459520E3,-60.969100952,
,,,16.6706141E3,-60.969100952,
,,,16.6952742E3,-58.569103241,
,,,16.7199344E3,-51.36910248,
,,,16.7445945E3,-52.56910324,
,,,16.7692567E3,-60.969100952,
,,,16.7939168E3,-60.969100952,
,,,16.8185770E3,-60.969100952,
,,,16.8432371E3,-54.56910324,
,,,16.8678992E3,-51.36910248,
,,,16.8925594E3,-52.56910324,
,,,16.9172196E3,-47.36910248,
,,,16.9418797E3,-34.56909943,
,,,16.9665418E3,-22.16910172,
,,,16.9912020E3,-20.16910172,
,,,17.0158621E3,-20.16910172,
,,,17.0405242E3,-23.36910057,
,,,17.0651844E3,-37.36910248,
,,,17.0898446E3,-54.56910324,
,,,17.1145047E3,-60.969100952,
,,,17.1391668E3,-60.969100952,
,,,17.1638270E3,-58.569103241,
,,,17.1884871E3,-54.56910324,
,,,17.2131473E3,-60.969100952,
,,,17.2378094E3,-60.969100952,
,,,17.2624696E3,-60.969100952,
,,,17.2871297E3,-54.56910324,
,,,17.3117899E3,-55.369102478,
,,,17.3364520E3,-55.369102478,
,,,17.3611122E3,-52.56910324,
,,,17.3857723E3,-52.56910324,
,,,17.4104325E3,-46.56909943,
,,,17.4350946E3,-32.16910172,
,,,17.4597547E3,-12.5691004,
,,,17.4844149E3,-8.969100952,
,,,17.5090770E3,-8.969100952,
,,,17.5337372E3,-10.1691008,
,,,17.5583973E3,-20.56910133,
,,,17.5830575E3,-43.76910019,
,,,17.6077196E3,-55.369102478,
,,,17.6323797E3,-58.569103241,
,,,17.6570399E3,-60.969100952,
,,,17.6817001E3,-60.969100952,
,,,17.7063622E3,-58.569103241,
,,,17.7310223E3,-60.969100952,
,,,17.7556825E3,-51.36910248,
,,,17.7803426E3,-60.969100952,
,,,17.8050048E3,-55.369102478,
,,,17.8296649E3,-55.369102478,
,,,17.8543251E3,-60.969100952,
,,,17.8789852E3,-51.36910248,
,,,17.9036473E3,-55.369102478,
,,,17.9283075E3,-54.56910324,
,,,17.9529676E3,-20.56910133,
,,,17.9776298E3,-14.1691008,
,,,18.0022899E3,-13.7691011,
,,,18.0269501E3,-14.5691013,
,,,18.0516102E3,-20.96910095,
,,,18.0762723E3,-52.56910324,
,,,18.1009325E3,-54.56910324,
,,,18.1255927E3,-60.969100952,
,,,18.1502528E3,-58.569103241,
,,,18.1749149E3,-54.56910324,
,,,18.1995751E3,-58.569103241,
,,,18.2242352E3,-58.569103241,
,,,18.2488954E3,-60.969100952,
,,,18.2735575E3,-58.569103241,
,,,18.2982177E3,-60.969100952,
,,,18.3228778E3,-55.369102478,
,,,18.3475380E3,-60.969100952,
,,,18.3722001E3,-54.56910324,
,,,18.3968602E3,-60.969100952,
,,,18.4215204E3,-48.56910324,
,,,18.4461806E3,-31.36910057,
,,,18.4708427E3,-21.76910019,
,,,18.4955028E3,-20.16910172,
,,,18.5201630E3,-20.56910133,
,,,18.5448251E3,-24.56910133,
,,,18.5694853E3,-44.16910172,
,,,18.5941454E3,-52.56910324,
,,,18.6188056E3,-54.56910324,
,,,18.6434677E3,-51.76910019,
,,,18.6681278E3,-60.969100952,
,,,18.6927880E3,-60.969100952,
,,,18.7174482E3,-60.969100952,
,,,18.7421103E3,-60.969100952,
,,,18.7667704E3,-54.56910324,
,,,18.7914306E3,-60.969100952,
,,,18.8160907E3,-54.56910324,
,,,18.8407528E3,-60.969100952,
,,,18.8654130E3,-54.56910324,
,,,18.8900732E3,-55.369102478,
,,,18.9147333E3,-48.56910324,
,,,18.9393954E3,-37.76910019,
,,,18.9640556E3,-24.56910133,
,,,18.9887157E3,-21.76910019,
,,,19.0133779E3,-21.36910057,
,,,19.0380380E3,-23.76910019,
,,,19.0626982E3,-34.96910095,
,,,19.0873583E3,-52.56910324,
,,,19.1120204E3,-51.36910248,
,,,19.1366806E3,-60.969100952,
,,,19.1613408E3,-52.56910324,
,,,19.1860009E3,-54.56910324,
,,,19.2106630E3,-55.369102478,
,,,19.2353232E3,-60.969100952,
,,,19.2599833E3,-60.969100952,
,,,19.2846435E3,-55.369102478,
,,,19.3093056E3,-54.56910324,
,,,19.3339658E3,-58.569103241,
,,,19.3586259E3,-51.36910248,
,,,19.3832861E3,-54.56910324,
,,,19.4079482E3,-58.569103241,
,,,19.4326083E3,-47.36910248,
,,,19.4572685E3,-24.16910172,
,,,19.4819306E3,-19.7691002,
,,,19.5065908E3,-19.3691006,
,,,19.5312509E3,-20.56910133,
,,,19.5559111E3,-28.96910095,
,,,19.5805732E3,-52.56910324,
,,,19.6052334E3,-60.969100952,
,,,19.6298935E3,-60.969100952,
,,,19.6545537E3,-51.36910248,
,,,19.6792158E3,-60.969100952,
,,,19.7038759E3,-54.56910324,
,,,19.7285361E3,-58.569103241,
,,,19.7531963E3,-60.969100952,
,,,19.7778584E3,-60.969100952,
,,,19.8025185E3,-50.16910172,
,,,19.8271787E3,-60.969100952,
,,,19.8518388E3,-58.569103241,
,,,19.8765009E3,-51.36910248,
,,,19.9011611E3,-54.56910324,
,,,19.9258213E3,-45.76910019,
,,,19.9504834E3,-17.7691002,
,,,19.9751435E3,-10.5691004,
,,,19.9998037E3,-9.769101143,
,,,20.0244638E3,-10.1691008,
,,,20.0491260E3,-15.7691011,
,,,20.0737861E3,-44.56909943,
,,,20.09844627E3,-48.96910095,
,,,20.12310642E3,-58.569103241,
,,,20.14776854E3,-58.569103241,
,,,20.17242869E3,-60.969100952,
,,,20.19708885E3,-58.569103241,
,,,20.22174901E3,-60.969100952,
,,,20.24641112E3,-51.76910019,
,,,20.27107128E3,-58.569103241,
,,,20.29573143E3,-60.969100952,
,,,20.32039159E3,-54.56910324,
,,,20.34505370E3,-58.569103241,
,,,20.36971386E3,-58.569103241,
,,,20.39437402E3,-60.969100952,
,,,20.41903613E3,-46.56909943,
,,,20.44369628E3,-26.96910095,
,,,20.46835644E3,-15.3691006,
,,,20.49301660E3,-13.3691006,
,,,20.51767871E3,-13.7691011,
,,,20.54233887E3,-16.9691010,
,,,20.56699902E3,-33.76910019,
,,,20.59165918E3,-50.16910172,
,,,20.61632129E3,-52.56910324,
,,,20.64098145E3,-55.369102478,
,,,20.66564161E3,-48.96910095,
,,,20.69030176E3,-58.569103241,
,,,20.71496387E3,-58.569103241,
,,,20.73962403E3,-60.969100952,
,,,20.76428419E3,-58.569103241,
,,,20.78894435E3,-58.569103241,
,,,20.81360646E3,-58.569103241,
,,,20.83826661E3,-54.56910324,
,,,20.86292677E3,-55.369102478,
,,,20.88758888E3,-60.969100952,
,,,20.91224904E3,-50.16910172,
,,,20.93690920E3,-40.56909943,
,,,20.96156935E3,-25.36910057,
,,,20.98623147E3,-21.36910057,
,,,21.01089162E3,-21.36910057,
,,,21.03555178E3,-22.96910095,
,,,21.06021194E3,-33.36910248,
,,,21.08487405E3,-48.96910095,
,,,21.10953421E3,-48.96910095,
,,,21.13419436E3,-60.969100952,
,,,21.15885452E3,-58.569103241,
,,,21.18351663E3,-60.969100952,
,,,21.20817679E3,-60.969100952,
,,,21.23283695E3,-54.56910324,
,,,21.25749710E3,-60.969100952,
,,,21.28215921E3,-55.369102478,
,,,21.30681937E3,-60.969100952,
,,,21.33147953E3,-60.969100952,
,,,21.35613969E3,-51.36910248,
,,,21.38080180E3,-51.76910019,
,,,21.40546195E3,-51.76910019,
,,,21.43012211E3,-51.36910248,
,,,21.45478422E3,-29.76910019,
,,,21.47944438E3,-23.76910019,
,,,21.50410454E3,-23.36910057,
,,,21.52876469E3,-24.56910133,
,,,21.55342680E3,-30.96910095,
,,,21.57808696E3,-51.76910019,
,,,21.60274712E3,-58.569103241,
,,,21.62740728E3,-60.969100952,
,,,21.65206939E3,-58.569103241,
,,,21.67672955E3,-60.969100952,
,,,21.70138970E3,-55.369102478,
,,,21.72604986E3,-60.969100952,
,,,21.75071197E3,-58.569103241,
,,,21.77537213E3,-55.369102478,
,,,21.80003229E3,-60.969100952,
,,,21.82469244E3,-52.56910324,
,,,21.84935455E3,-60.969100952,
,,,21.87401471E3,-51.36910248,
,,,21.89867487E3,-55.369102478,
,,,21.92333698E3,-52.56910324,
,,,21.94799714E3,-31.76910019,
,,,21.97265729E3,-23.76910019,
,,,21.99731745E3,-22.16910172,
,,,22.02197956E3,-22.96910095,
,,,22.04663972E3,-27.36910057,
,,,22.07129988E3,-51.36910248,
,,,22.09596003E3,-49.36910248,
,,,22.12062214E3,-58.569103241,
,,,22.14528230E3,-52.56910324,
,,,22.16994246E3,-58.569103241,
,,,22.19460262E3,-60.969100952,
,,,22.21926473E3,-60.969100952,
,,,22.24392488E3,-52.56910324,
,,,22.26858504E3,-60.969100952,
,,,22.29324520E3,-54.56910324,
,,,22.31790731E3,-60.969100952,
,,,22.34256747E3,-60.969100952,
,,,22.36722762E3,-54.56910324,
,,,22.39188974E3,-50.16910172,
,,,22.41654989E3,-43.76910019,
,,,22.44121005E3,-29.76910019,
,,,22.46587021E3,-16.9691010,
,,,22.49053232E3,-14.5691013,
,,,22.51519248E3,-14.5691013,
,,,22.53985263E3,-16.9691010,
,,,22.56451279E3,-30.16910172,
,,,22.58917490E3,-47.36910248,
,,,22.61383506E3,-48.56910324,
,,,22.63849522E3,-60.969100952,
,,,22.66315537E3,-60.969100952,
,,,22.68781748E3,-58.569103241,
,,,22.71247764E3,-54.56910324,
,,,22.73713780E3,-54.56910324,
,,,22.76179796E3,-60.969100952,
,,,22.78646007E3,-58.569103241,
,,,22.81112022E3,-58.569103241,
,,,22.83578038E3,-58.569103241,
,,,22.86044249E3,-55.369102478,
,,,22.88510265E3,-60.969100952,
,,,22.90976281E3,-55.369102478,
,,,22.93442296E3,-43.36910248,
,,,22.95908507E3,-22.56910133,
,,,22.98374523E3,-17.7691002,
,,,23.00840539E3,-17.7691002,
,,,23.03306555E3,-18.9691010,
,,,23.05772766E3,-28.56910133,
,,,23.08238782E3,-48.96910095,
,,,23.10704797E3,-51.36910248,
,,,23.13170813E3,-51.36910248,
,,,23.15637024E3,-54.56910324,
,,,23.18103040E3,-60.969100952,
,,,23.20569056E3,-55.369102478,
,,,23.23035071E3,-60.969100952,
,,,23.25501282E3,-58.569103241,
,,,23.27967298E3,-55.369102478,
,,,23.30433314E3,-58.569103241,
,,,23.32899525E3,-58.569103241,
,,,23.35365541E3,-60.969100952,
,,,23.37831556E3,-60.969100952,
,,,23.40297572E3,-58.569103241,
,,,23.42763783E3,-52.56910324,
,,,23.45229799E3,-35.36910248,
,,,23.47695815E3,-27.76910019,
,,,23.50161830E3,-27.36910057,
,,,23.52628041E3,-28.16910172,
,,,23.55094057E3,-33.36910248,
,,,23.57560073E3,-60.969100952,
,,,23.60026089E3,-55.369102478,
,,,23.62492300E3,-58.569103241,
,,,23.64958315E3,-60.969100952,
,,,23.67424331E3,-58.569103241,
,,,23.69890347E3,-60.969100952,
,,,23.72356558E3,-54.56910324,
,,,23.74822574E3,-60.969100952,
,,,23.77288589E3,-60.969100952,
,,,23.79754801E3,-55.369102478,
,,,23.82220816E3,-52.56910324,
,,,23.84686832E3,-58.569103241,
,,,23.87152848E3,-54.56910324,
,,,23.89619059E3,-58.569103241,
,,,23.92085075E3,-55.369102478,
,,,23.94551090E3,-44.16910172,
,,,23.97017106E3,-34.16910172,
,,,23.99483317E3,-31.36910057,
,,,24.01949333E3,-32.96910095,
,,,24.04415349E3,-34.96910095,
,,,24.06881364E3,-60.969100952,
,,,24.09347575E3,-58.569103241,
,,,24.11813591E3,-60.969100952,
,,,24.14279607E3,-54.56910324,
,,,24.16745623E3,-54.56910324,
,,,24.19211834E3,-60.969100952,
,,,24.21677849E3,-58.569103241,
,,,24.24143865E3,-58.569103241,
,,,24.26609881E3,-51.76910019,
,,,24.29076092E3,-60.969100952,
,,,24.31542108E3,-51.76910019,
,,,24.34008123E3,-58.569103241,
,,,24.36474334E3,-55.369102478,
,,,24.38940350E3,-58.569103241,
,,,24.41406366E3,-55.369102478,
,,,24.43872382E3,-47.36910248,
,,,24.46338593E3,-38.96910095,
,,,24.48804608E3,-34.16910172,
,,,24.51270624E3,-34.96910095,
,,,24.53736640E3,-37.36910248,
,,,24.56202851E3,-46.96910095,
,,,24.58668867E3,-50.16910172,
,,,24.61134883E3,-54.56910324,
,,,24.63600898E3,-60.969100952,
,,,24.66067109E3,-58.569103241,
,,,24.68533125E3,-60.969100952,
,,,24.70999141E3,-58.569103241,
,,,24.73465157E3,-60.969100952,
,,,24.75931368E3,-58.569103241,
,,,24.78397383E3,-54.56910324,
,,,24.80863399E3,-54.56910324,
,,,24.83329610E3,-60.969100952,
,,,24.85795626E3,-58.569103241,
,,,24.88261642E3,-51.36910248,
,,,24.90727657E3,-58.569103241,
,,,24.93193868E3,-55.369102478,
,,,24.95659884E3,-40.96910095,
,,,24.98125900E3,-36.56909943,
,,,25.00591916E3,-34.56909943,
,,,25.03058127E3,-37.36910248,
,,,25.05524142E3,-41.36910248,
,,,25.07990158E3,-60.969100952,
,,,25.10456174E3,-54.56910324,
,,,25.12922385E3,-55.369102478,
,,,25.15388401E3,-55.369102478,
,,,25.17854416E3,-55.369102478,
,,,25.20320432E3,-58.569103241,
,,,25.22786643E3,-54.56910324,
