Record Length,2500,Points,-499.999965541E-6,2.96000004,
Sample Interval,400.00000467E-9,s,-499.599962495E-6,2.96000004,
Trigger Point,1.2500000E3,Samples,-499.199959449E-6,2.91999984,
,,,-498.799956404E-6,3.00000000,
,,,-498.399953358E-6,2.91999984,
,,,-497.999950312E-6,3.00000000,
Source,CH1,,-497.599947266E-6,2.96000004,
Vertical Units,Volts,,-497.199944220E-6,2.91999984,
Vertical Scale,999.999977648E-3,,-496.799941175E-6,3.00000000,
Vertical Offset,0,,-496.399938129E-6,3.00000000,
Horizontal Units,s,,-495.999993291E-6,2.87999988,
Horizontal Scale,100.0000012E-6,,-495.599990245E-6,3.00000000,
Pt Fmt,Y,,-495.199987199E-6,2.96000004,
Yzero,0.0,,-494.799984153E-6,2.96000004,
Probe Atten,1.000000,,-494.399981108E-6,2.96000004,
,,,-493.999978062E-6,2.96000004,
Note,TDS 2012C - 11:51:46 a. m.   29/07/2026,,-493.599975016E-6,2.96000004,
,,,-493.199971970E-6,3.03999996,
,,,-492.799968924E-6,3.00000000,
,,,-492.399965879E-6,3.00000000,
,,,-491.999962833E-6,3.00000000,
,,,-491.599959787E-6,2.96000004,
,,,-491.199956741E-6,3.00000000,
,,,-490.799953695E-6,2.96000004,
,,,-490.399950650E-6,3.00000000,
,,,-489.999947604E-6,3.00000000,
,,,-489.599944558E-6,2.96000004,
,,,-489.199941512E-6,2.96000004,
,,,-488.799938466E-6,2.96000004,
,,,-488.399993628E-6,2.96000004,
,,,-487.999961479E-6,3.03999996,
,,,-487.599958433E-6,2.91999984,
,,,-487.199955387E-6,3.00000000,
,,,-486.799952341E-6,3.00000000,
,,,-486.399978399E-6,2.91999984,
,,,-485.999975353E-6,2.87999988,
,,,-485.599972308E-6,2.96000004,
,,,-485.199969262E-6,2.96000004,
,,,-484.799966216E-6,2.96000004,
,,,-484.399963170E-6,2.91999984,
,,,-483.999960124E-6,2.96000004,
,,,-483.599957079E-6,2.91999984,
,,,-483.199954033E-6,2.96000004,
,,,-482.799950987E-6,2.96000004,
,,,-482.399977045E-6,2.91999984,
,,,-481.999973999E-6,2.96000004,
,,,-481.599970954E-6,2.96000004,
,,,-481.199967908E-6,2.91999984,
,,,-480.799964862E-6,2.96000004,
,,,-480.399961816E-6,3.00000000,
,,,-479.999958770E-6,2.91999984,
,,,-479.599955725E-6,2.96000004,
,,,-479.199952679E-6,2.91999984,
,,,-478.799978737E-6,2.91999984,
,,,-478.399975691E-6,3.00000000,
,,,-477.999972645E-6,2.96000004,
,,,-477.599969599E-6,2.96000004,
,,,-477.199966554E-6,-2.87999988,
,,,-476.799963508E-6,-2.91999984,
,,,-476.399960462E-6,-2.83999991,
,,,-475.999957416E-6,-2.83999991,
,,,-475.599954370E-6,-2.87999988,
,,,-475.199951325E-6,-2.87999988,
,,,-474.799977383E-6,-2.91999984,
,,,-474.399974337E-6,-2.91999984,
,,,-473.999971291E-6,-2.91999984,
,,,-473.599968245E-6,-2.91999984,
,,,-473.199965199E-6,-3.00000000,
,,,-472.799962154E-6,-2.87999988,
,,,-472.399959108E-6,-2.96000004,
,,,-471.999956062E-6,-2.91999984,
,,,-471.599953016E-6,-2.96000004,
,,,-471.199979074E-6,-2.96000004,
,,,-470.799976029E-6,-2.96000004,
,,,-470.399972983E-6,-2.96000004,
,,,-469.999969937E-6,-3.00000000,
,,,-469.599966891E-6,-2.96000004,
,,,-469.199963845E-6,-3.00000000,
,,,-468.799960800E-6,-2.96000004,
,,,-468.399957754E-6,-2.96000004,
,,,-467.999954708E-6,-2.96000004,
,,,-467.599951662E-6,-3.00000000,
,,,-467.199977720E-6,-2.96000004,
,,,-466.799974674E-6,-2.96000004,
,,,-466.399971629E-6,-2.96000004,
,,,-465.999968583E-6,-3.00000000,
,,,-465.599965537E-6,-3.00000000,
,,,-465.199962491E-6,-3.00000000,
,,,-464.799959445E-6,-3.00000000,
,,,-464.399956400E-6,-3.00000000,
,,,-463.999953354E-6,-3.00000000,
,,,-463.599979412E-6,-2.96000004,
,,,-463.199976366E-6,-3.00000000,
,,,-462.799973320E-6,-2.96000004,
,,,-462.399970274E-6,-3.00000000,
,,,-461.999967229E-6,-2.96000004,
,,,-461.599964183E-6,-3.00000000,
,,,-461.199961137E-6,-2.96000004,
,,,-460.799958091E-6,-2.96000004,
,,,-460.399955045E-6,-3.00000000,
,,,-459.999952000E-6,-3.03999996,
,,,-459.599978058E-6,-3.03999996,
,,,-459.199975012E-6,-3.00000000,
,,,-458.799971966E-6,-3.00000000,
,,,-458.399968920E-6,-3.03999996,
,,,-457.999965874E-6,-3.00000000,
,,,-457.599962829E-6,-3.00000000,
,,,-457.199959783E-6,-3.00000000,
,,,-456.799956737E-6,-3.00000000,
,,,-456.399953691E-6,-3.00000000,
,,,-455.999950645E-6,-3.00000000,
,,,-455.599976704E-6,-3.03999996,
,,,-455.199973658E-6,-3.00000000,
,,,-454.799970612E-6,-3.00000000,
,,,-454.399967566E-6,-3.03999996,
,,,-453.999964520E-6,-3.03999996,
,,,-453.599961475E-6,-3.00000000,
,,,-453.199958429E-6,-3.03999996,
,,,-452.799955383E-6,-3.03999996,
,,,-452.399952337E-6,-3.00000000,
,,,-451.999978395E-6,-2.96000004,
,,,-451.599975349E-6,-3.03999996,
,,,-451.199972304E-6,-3.00000000,
,,,-450.799969258E-6,-3.00000000,
,,,-450.399966212E-6,-3.03999996,
,,,-449.999963166E-6,-3.00000000,
,,,-449.599960120E-6,-3.00000000,
,,,-449.199957075E-6,-2.96000004,
,,,-448.799954029E-6,-3.00000000,
,,,-448.399950983E-6,-3.00000000,
,,,-447.999977041E-6,-2.91999984,
,,,-447.599973995E-6,-3.03999996,
,,,-447.199970949E-6,-3.03999996,
,,,-446.799967904E-6,-3.00000000,
,,,-446.399964858E-6,-3.00000000,
,,,-445.999961812E-6,-3.00000000,
,,,-445.599958766E-6,-3.00000000,
,,,-445.199955720E-6,-3.03999996,
,,,-444.799952675E-6,-3.00000000,
,,,-444.399978733E-6,-3.03999996,
,,,-443.999975687E-6,-3.03999996,
,,,-443.599972641E-6,-3.03999996,
,,,-443.199969595E-6,-3.00000000,
,,,-442.799966550E-6,-3.00000000,
,,,-442.399963504E-6,-3.00000000,
,,,-441.999960458E-6,-3.00000000,
,,,-441.599957412E-6,-3.00000000,
,,,-441.199954366E-6,-3.03999996,
,,,-440.799951321E-6,-3.00000000,
,,,-440.399977379E-6,-3.03999996,
,,,-439.999974333E-6,-3.00000000,
,,,-439.599971287E-6,-3.00000000,
,,,-439.199968241E-6,-3.00000000,
,,,-438.799965195E-6,-3.00000000,
,,,-438.399962150E-6,-3.03999996,
,,,-437.999959104E-6,-3.00000000,
,,,-437.599956058E-6,-3.00000000,
,,,-437.199953012E-6,-3.00000000,
,,,-436.799979070E-6,-3.07999992,
,,,-436.399976024E-6,-3.03999996,
,,,-435.999972979E-6,-3.03999996,
,,,-435.599969933E-6,-3.03999996,
,,,-435.199966887E-6,-3.00000000,
,,,-434.799963841E-6,-3.00000000,
,,,-434.399960795E-6,-3.03999996,
,,,-433.999957750E-6,-3.03999996,
,,,-433.599954704E-6,-3.03999996,
,,,-433.199951658E-6,-3.00000000,
,,,-432.799977716E-6,-3.03999996,
,,,-432.399974670E-6,-3.00000000,
,,,-431.999971624E-6,-3.03999996,
,,,-431.599968579E-6,-3.03999996,
,,,-431.199965533E-6,-3.03999996,
,,,-430.799962487E-6,-2.96000004,
,,,-430.399959441E-6,-3.00000000,
,,,-429.999956395E-6,-3.03999996,
,,,-429.599953350E-6,-3.07999992,
,,,-429.199950304E-6,-3.00000000,
,,,-428.799976362E-6,-3.03999996,
,,,-428.399973316E-6,-3.03999996,
,,,-427.999970270E-6,-3.03999996,
,,,-427.599967225E-6,-3.03999996,
,,,-427.199964179E-6,-3.03999996,
,,,-426.799961133E-6,-3.03999996,
,,,-426.399958087E-6,-3.03999996,
,,,-425.999955041E-6,-3.03999996,
,,,-425.599951996E-6,-3.03999996,
,,,-425.199978054E-6,-3.03999996,
,,,-424.799975008E-6,-3.03999996,
,,,-424.399971962E-6,-3.07999992,
,,,-423.999968916E-6,-3.03999996,
,,,-423.599965870E-6,-3.07999992,
,,,-423.199962825E-6,-3.03999996,
,,,-422.799959779E-6,-3.00000000,
,,,-422.399956733E-6,-3.00000000,
,,,-421.999953687E-6,-3.03999996,
,,,-421.599950641E-6,-3.00000000,
,,,-421.199976699E-6,-3.00000000,
,,,-420.799973654E-6,-3.00000000,
,,,-420.399970608E-6,-3.07999992,
,,,-419.999967562E-6,-3.03999996,
,,,-419.599964516E-6,-3.00000000,
,,,-419.199961470E-6,-3.03999996,
,,,-418.799958425E-6,-3.07999992,
,,,-418.399955379E-6,-3.03999996,
,,,-417.999952333E-6,-3.03999996,
,,,-417.599978391E-6,-3.03999996,
,,,-417.199975345E-6,-3.00000000,
,,,-416.799972299E-6,-3.00000000,
,,,-416.399969254E-6,-3.03999996,
,,,-415.999966208E-6,-3.00000000,
,,,-415.599963162E-6,-3.03999996,
,,,-415.199960116E-6,-3.00000000,
,,,-414.799957070E-6,-3.00000000,
,,,-414.399954025E-6,-3.03999996,
,,,-413.999950979E-6,-3.03999996,
,,,-413.599977037E-6,-3.00000000,
,,,-413.199973991E-6,-3.03999996,
,,,-412.799970945E-6,-3.00000000,
,,,-412.399967900E-6,-3.03999996,
,,,-411.999964854E-6,-3.07999992,
,,,-411.599961808E-6,-3.00000000,
,,,-411.199958762E-6,-3.03999996,
,,,-410.799955716E-6,-3.07999992,
,,,-410.399952671E-6,-3.03999996,
,,,-409.999978729E-6,-3.03999996,
,,,-409.599975683E-6,-3.03999996,
,,,-409.199972637E-6,-3.03999996,
,,,-408.799969591E-6,-3.07999992,
,,,-408.399966545E-6,-2.96000004,
,,,-407.999963500E-6,-3.03999996,
,,,-407.599960454E-6,-3.03999996,
,,,-407.199957408E-6,-3.00000000,
,,,-406.799954362E-6,-2.96000004,
,,,-406.399951316E-6,-3.00000000,
,,,-405.999977374E-6,-2.96000004,
,,,-405.599974329E-6,-3.00000000,
,,,-405.199971283E-6,-3.00000000,
,,,-404.799968237E-6,-3.00000000,
,,,-404.399965191E-6,-3.00000000,
,,,-403.999962145E-6,-3.00000000,
,,,-403.599959100E-6,-3.00000000,
,,,-403.19995605E-6,-3.00000000,
,,,-402.79995301E-6,-3.00000000,
,,,-402.39994996E-6,-2.96000004,
,,,-401.99997602E-6,-2.96000004,
,,,-401.59997297E-6,-3.00000000,
,,,-401.19996993E-6,-3.00000000,
,,,-400.79996688E-6,-3.03999996,
,,,-400.39996384E-6,-3.00000000,
,,,-399.99996079E-6,-3.00000000,
,,,-399.59995775E-6,-2.96000004,
,,,-399.19995470E-6,-3.00000000,
,,,-398.79995165E-6,-3.03999996,
,,,-398.39997771E-6,-3.03999996,
,,,-397.99997467E-6,-3.00000000,
,,,-397.59997162E-6,-2.96000004,
,,,-397.19996857E-6,2.83999991,
,,,-396.79996553E-6,2.75999999,
,,,-396.39996248E-6,2.79999995,
,,,-395.99995944E-6,2.83999991,
,,,-395.59995639E-6,2.83999991,
,,,-395.19995335E-6,2.75999999,
,,,-394.79995030E-6,2.87999988,
,,,-394.39997636E-6,2.87999988,
,,,-393.99997331E-6,2.87999988,
,,,-393.59997027E-6,2.79999995,
,,,-393.19996722E-6,2.87999988,
,,,-392.79996417E-6,2.87999988,
,,,-392.39996113E-6,2.91999984,
,,,-391.99995808E-6,2.83999991,
,,,-391.59995504E-6,2.87999988,
,,,-391.19995199E-6,2.83999991,
,,,-390.79997805E-6,2.87999988,
,,,-390.39997500E-6,2.79999995,
,,,-389.99997196E-6,2.87999988,
,,,-389.59996891E-6,2.87999988,
,,,-389.19996587E-6,2.87999988,
,,,-388.79996282E-6,2.91999984,
,,,-388.39995977E-6,2.91999984,
,,,-387.99995673E-6,2.87999988,
,,,-387.59995368E-6,2.91999984,
,,,-387.19995064E-6,2.91999984,
,,,-386.79997670E-6,2.87999988,
,,,-386.39997365E-6,2.91999984,
,,,-385.99997060E-6,2.91999984,
,,,-385.59996756E-6,2.91999984,
,,,-385.19996451E-6,2.91999984,
,,,-384.79996147E-6,3.00000000,
,,,-384.39995842E-6,2.91999984,
,,,-383.99995537E-6,2.96000004,
,,,-383.59995233E-6,2.96000004,
,,,-383.19997839E-6,2.87999988,
,,,-382.79997534E-6,2.96000004,
,,,-382.39997230E-6,2.91999984,
,,,-381.99996925E-6,2.87999988,
,,,-381.59996620E-6,2.91999984,
,,,-381.19996316E-6,2.91999984,
,,,-380.79996011E-6,2.87999988,
,,,-380.39995707E-6,2.87999988,
,,,-379.99995402E-6,2.91999984,
,,,-379.59995097E-6,2.87999988,
,,,-379.19997703E-6,3.00000000,
,,,-378.79997399E-6,2.91999984,
,,,-378.39997094E-6,2.87999988,
,,,-377.99996790E-6,2.96000004,
,,,-377.59996485E-6,2.91999984,
,,,-377.19996180E-6,2.91999984,
,,,-376.79995876E-6,2.96000004,
,,,-376.39995571E-6,2.91999984,
,,,-375.99995267E-6,2.91999984,
,,,-375.59994962E-6,2.91999984,
,,,-375.19997568E-6,2.91999984,
,,,-374.79997263E-6,2.87999988,
,,,-374.39996959E-6,2.96000004,
,,,-373.99996654E-6,2.91999984,
,,,-373.59996350E-6,2.96000004,
,,,-373.19996045E-6,2.91999984,
,,,-372.79995740E-6,2.96000004,
,,,-372.39995436E-6,2.96000004,
,,,-371.99995131E-6,2.91999984,
,,,-371.59997737E-6,2.91999984,
,,,-371.19997432E-6,2.87999988,
,,,-370.79997128E-6,2.96000004,
,,,-370.39996823E-6,2.91999984,
,,,-369.99996519E-6,2.91999984,
,,,-369.59996214E-6,2.96000004,
,,,-369.19995910E-6,2.96000004,
,,,-368.79995605E-6,2.91999984,
,,,-368.39995300E-6,2.96000004,
,,,-367.99994996E-6,2.96000004,
,,,-367.59997602E-6,2.96000004,
,,,-367.19997297E-6,2.87999988,
,,,-366.79996992E-6,2.91999984,
,,,-366.39996688E-6,2.91999984,
,,,-365.99996383E-6,2.96000004,
,,,-365.59996079E-6,2.96000004,
,,,-365.19995774E-6,2.91999984,
,,,-364.79995470E-6,2.91999984,
,,,-364.39995165E-6,2.91999984,
,,,-363.99997771E-6,2.91999984,
,,,-363.59997466E-6,2.96000004,
,,,-363.19997162E-6,2.91999984,
,,,-362.79996857E-6,2.91999984,
,,,-362.39996552E-6,2.91999984,
,,,-361.99996248E-6,3.00000000,
,,,-361.59995943E-6,2.91999984,
,,,-361.19995639E-6,2.96000004,
,,,-360.79995334E-6,2.96000004,
,,,-360.39995030E-6,2.91999984,
,,,-359.99997635E-6,2.91999984,
,,,-359.59997331E-6,2.91999984,
,,,-359.19997026E-6,2.96000004,
,,,-358.79996722E-6,2.96000004,
,,,-358.39996417E-6,3.00000000,
,,,-357.99996112E-6,2.96000004,
,,,-357.59995808E-6,2.96000004,
,,,-357.19995503E-6,2.96000004,
,,,-356.79995199E-6,3.00000000,
,,,-356.39997805E-6,2.96000004,
,,,-355.99997500E-6,3.00000000,
,,,-355.59997195E-6,2.87999988,
,,,-355.19996891E-6,2.96000004,
,,,-354.79996586E-6,2.91999984,
,,,-354.39996282E-6,2.96000004,
,,,-353.99995977E-6,2.87999988,
,,,-353.59995672E-6,3.00000000,
,,,-353.19995368E-6,2.96000004,
,,,-352.79995063E-6,2.96000004,
,,,-352.39997669E-6,2.91999984,
,,,-351.99997365E-6,3.00000000,
,,,-351.59997060E-6,2.91999984,
,,,-351.19996755E-6,2.96000004,
,,,-350.79996451E-6,2.91999984,
,,,-350.39996146E-6,2.96000004,
,,,-349.99995842E-6,2.96000004,
,,,-349.59995537E-6,3.00000000,
,,,-349.19995232E-6,2.91999984,
,,,-348.79994928E-6,3.00000000,
,,,-348.39997534E-6,2.96000004,
,,,-347.99997229E-6,2.96000004,
,,,-347.59996925E-6,2.96000004,
,,,-347.19996620E-6,2.91999984,
,,,-346.79996315E-6,2.96000004,
,,,-346.39996011E-6,2.91999984,
,,,-345.99995706E-6,2.91999984,
,,,-345.59995402E-6,2.96000004,
,,,-345.19995097E-6,2.96000004,
,,,-344.79997703E-6,2.96000004,
,,,-344.39997398E-6,3.00000000,
,,,-343.99997094E-6,2.91999984,
,,,-343.59996789E-6,2.96000004,
,,,-343.19996485E-6,2.96000004,
,,,-342.79996180E-6,3.03999996,
,,,-342.39995875E-6,2.91999984,
,,,-341.99995571E-6,2.96000004,
,,,-341.59995266E-6,2.96000004,
,,,-341.19994962E-6,2.91999984,
,,,-340.79997567E-6,2.87999988,
,,,-340.39997263E-6,2.96000004,
,,,-339.99996958E-6,2.96000004,
,,,-339.59996654E-6,2.96000004,
,,,-339.19996349E-6,2.96000004,
,,,-338.79996045E-6,2.96000004,
,,,-338.39995740E-6,2.96000004,
,,,-337.99995435E-6,3.00000000,
,,,-337.59995131E-6,2.91999984,
,,,-337.19997737E-6,3.00000000,
,,,-336.79997432E-6,2.96000004,
,,,-336.39997127E-6,2.96000004,
,,,-335.99996823E-6,2.96000004,
,,,-335.59996518E-6,2.96000004,
,,,-335.19996214E-6,2.96000004,
,,,-334.79995909E-6,2.96000004,
,,,-334.39995605E-6,2.96000004,
,,,-333.99995300E-6,2.96000004,
,,,-333.59994995E-6,2.96000004,
,,,-333.19997601E-6,2.96000004,
,,,-332.79997297E-6,3.00000000,
,,,-332.39996992E-6,2.96000004,
,,,-331.99996687E-6,2.96000004,
,,,-331.59996383E-6,2.91999984,
,,,-331.19996078E-6,2.96000004,
,,,-330.79995774E-6,2.96000004,
,,,-330.39995469E-6,2.91999984,
,,,-329.99995165E-6,2.96000004,
,,,-329.59997770E-6,3.03999996,
,,,-329.19997466E-6,2.87999988,
,,,-328.79997161E-6,2.96000004,
,,,-328.39996857E-6,3.00000000,
,,,-327.99996552E-6,2.96000004,
,,,-327.59996247E-6,2.91999984,
,,,-327.19995943E-6,3.00000000,
,,,-326.79995638E-6,2.96000004,
,,,-326.39995334E-6,3.00000000,
,,,-325.99995029E-6,2.91999984,
,,,-325.59997635E-6,2.96000004,
,,,-325.19997330E-6,2.96000004,
,,,-324.79997026E-6,2.96000004,
,,,-324.39996721E-6,2.91999984,
,,,-323.99996417E-6,3.00000000,
,,,-323.59996112E-6,2.96000004,
,,,-323.19995807E-6,2.91999984,
,,,-322.79995503E-6,2.96000004,
,,,-322.39995198E-6,2.96000004,
,,,-321.99994894E-6,2.96000004,
,,,-321.59997500E-6,2.96000004,
,,,-321.19997195E-6,2.96000004,
,,,-320.79996890E-6,2.91999984,
,,,-320.39996586E-6,3.00000000,
,,,-319.99996281E-6,3.00000000,
,,,-319.59995977E-6,3.00000000,
,,,-319.19995672E-6,2.91999984,
,,,-318.79995367E-6,3.00000000,
,,,-318.39995063E-6,2.96000004,
,,,-317.99997669E-6,3.00000000,
,,,-317.59997364E-6,2.91999984,
,,,-317.19997060E-6,2.96000004,
,,,-316.79996755E-6,2.96000004,
,,,-316.39996450E-6,3.00000000,
,,,-315.99996146E-6,2.87999988,
,,,-315.59995841E-6,3.00000000,
,,,-315.19995537E-6,2.91999984,
,,,-314.79995232E-6,2.96000004,
,,,-314.39994927E-6,2.91999984,
,,,-313.99997533E-6,3.00000000,
,,,-313.59997229E-6,2.91999984,
,,,-313.19996924E-6,2.96000004,
,,,-312.79996620E-6,2.91999984,
,,,-312.39996315E-6,2.96000004,
,,,-311.99996010E-6,2.96000004,
,,,-311.59995706E-6,2.96000004,
,,,-311.19995401E-6,2.87999988,
,,,-310.79995097E-6,2.91999984,
,,,-310.39997702E-6,2.91999984,
,,,-309.99997398E-6,2.96000004,
,,,-309.59997093E-6,2.96000004,
,,,-309.19996789E-6,3.00000000,
,,,-308.79996484E-6,3.00000000,
,,,-308.39996180E-6,2.96000004,
,,,-307.99995875E-6,2.96000004,
,,,-307.59995570E-6,2.91999984,
,,,-307.19995266E-6,3.00000000,
,,,-306.79994961E-6,2.96000004,
,,,-306.39997567E-6,2.91999984,
,,,-305.99997262E-6,2.96000004,
,,,-305.59996958E-6,2.96000004,
,,,-305.19996653E-6,2.96000004,
,,,-304.79996349E-6,2.96000004,
,,,-304.39996044E-6,2.96000004,
,,,-303.99995740E-6,3.00000000,
,,,-303.59995435E-6,3.00000000,
,,,-303.19995130E-6,3.00000000,
,,,-302.79997736E-6,2.91999984,
,,,-302.39997432E-6,3.00000000,
,,,-301.99997127E-6,3.00000000,
,,,-301.59996822E-6,2.96000004,
,,,-301.19996518E-6,2.87999988,
,,,-300.79996213E-6,2.96000004,
,,,-300.39995909E-6,2.91999984,
,,,-299.99995604E-6,3.00000000,
,,,-299.59995300E-6,2.91999984,
,,,-299.19994995E-6,2.96000004,
,,,-298.79997601E-6,3.00000000,
,,,-298.39997296E-6,2.96000004,
,,,-297.99996992E-6,2.91999984,
,,,-297.59996687E-6,3.00000000,
,,,-297.19996382E-6,2.96000004,
,,,-296.79996078E-6,2.96000004,
,,,-296.39995773E-6,2.96000004,
,,,-295.99995469E-6,2.96000004,
,,,-295.59995164E-6,2.96000004,
,,,-295.19997770E-6,3.00000000,
,,,-294.79997465E-6,2.96000004,
,,,-294.39997161E-6,3.00000000,
,,,-293.99996856E-6,2.96000004,
,,,-293.59996552E-6,3.00000000,
,,,-293.19996247E-6,2.96000004,
,,,-292.79995942E-6,2.91999984,
,,,-292.39995638E-6,3.00000000,
,,,-291.99995333E-6,2.96000004,
,,,-291.59995029E-6,3.00000000,
,,,-291.19997635E-6,2.96000004,
,,,-290.79997330E-6,2.96000004,
,,,-290.39997025E-6,2.91999984,
,,,-289.99996721E-6,3.00000000,
,,,-289.59996416E-6,2.87999988,
,,,-289.19996112E-6,2.96000004,
,,,-288.79995807E-6,3.00000000,
,,,-288.39995502E-6,2.96000004,
,,,-287.99995198E-6,2.96000004,
,,,-287.59994893E-6,2.96000004,
,,,-287.19997499E-6,3.00000000,
,,,-286.79997195E-6,3.00000000,
,,,-286.39996890E-6,2.91999984,
,,,-285.99996585E-6,2.96000004,
,,,-285.59996281E-6,2.96000004,
,,,-285.19995976E-6,2.91999984,
,,,-284.79995672E-6,2.91999984,
,,,-284.39995367E-6,3.00000000,
,,,-283.99995063E-6,2.96000004,
,,,-283.59997668E-6,3.00000000,
,,,-283.19997364E-6,2.91999984,
,,,-282.79997059E-6,2.96000004,
,,,-282.39996755E-6,2.96000004,
,,,-281.99996450E-6,2.91999984,
,,,-281.59996145E-6,2.96000004,
,,,-281.19995841E-6,2.96000004,
,,,-280.79995536E-6,3.00000000,
,,,-280.39995232E-6,2.96000004,
,,,-279.99994927E-6,3.00000000,
,,,-279.59997533E-6,2.91999984,
,,,-279.19997228E-6,2.96000004,
,,,-278.79996924E-6,2.96000004,
,,,-278.39996619E-6,3.00000000,
,,,-277.99996315E-6,2.91999984,
,,,-277.59996010E-6,2.91999984,
,,,-277.19995705E-6,2.96000004,
,,,-276.79995401E-6,3.00000000,
,,,-276.39995096E-6,2.87999988,
,,,-275.99997702E-6,3.00000000,
,,,-275.59997397E-6,2.96000004,
,,,-275.19997093E-6,2.96000004,
,,,-274.79996788E-6,2.87999988,
,,,-274.39996484E-6,2.96000004,
,,,-273.99996179E-6,2.96000004,
,,,-273.59995875E-6,3.00000000,
,,,-273.19995570E-6,2.91999984,
,,,-272.79995265E-6,2.96000004,
,,,-272.39994961E-6,2.91999984,
,,,-271.99997567E-6,3.00000000,
,,,-271.59997262E-6,2.87999988,
,,,-271.19996957E-6,2.96000004,
,,,-270.79996653E-6,2.96000004,
,,,-270.39996348E-6,3.00000000,
,,,-269.99996044E-6,2.96000004,
,,,-269.59995739E-6,3.00000000,
,,,-269.19995435E-6,2.91999984,
,,,-268.79995130E-6,3.00000000,
,,,-268.39997736E-6,3.00000000,
,,,-267.99997431E-6,2.96000004,
,,,-267.59997127E-6,3.00000000,
,,,-267.19996822E-6,2.96000004,
,,,-266.79996517E-6,2.96000004,
,,,-266.39996213E-6,2.96000004,
,,,-265.99995908E-6,2.96000004,
,,,-265.59995604E-6,2.96000004,
,,,-265.19995299E-6,3.00000000,
,,,-264.79994995E-6,2.96000004,
,,,-264.39997600E-6,3.00000000,
,,,-263.99997296E-6,2.96000004,
,,,-263.59996991E-6,3.03999996,
,,,-263.19996687E-6,2.96000004,
,,,-262.79996382E-6,2.96000004,
,,,-262.39996077E-6,2.96000004,
,,,-261.99995773E-6,3.00000000,
,,,-261.59995468E-6,2.91999984,
,,,-261.19995164E-6,3.00000000,
,,,-260.79994859E-6,2.96000004,
,,,-260.39997465E-6,3.00000000,
,,,-259.99997160E-6,2.91999984,
,,,-259.59996856E-6,2.96000004,
,,,-259.19996551E-6,2.96000004,
,,,-258.79996247E-6,2.96000004,
,,,-258.39995942E-6,2.91999984,
,,,-257.99995637E-6,3.00000000,
,,,-257.59995333E-6,3.00000000,
,,,-257.19995028E-6,3.00000000,
,,,-256.79997634E-6,2.91999984,
,,,-256.39997330E-6,2.96000004,
,,,-255.99997025E-6,3.00000000,
,,,-255.59996720E-6,2.91999984,
,,,-255.19996416E-6,2.96000004,
,,,-254.79996111E-6,3.00000000,
,,,-254.39995807E-6,2.91999984,
,,,-253.99995502E-6,3.00000000,
,,,-253.59995198E-6,3.00000000,
,,,-253.19994893E-6,2.96000004,
,,,-252.79997499E-6,3.00000000,
,,,-252.39997194E-6,2.91999984,
,,,-251.99996890E-6,3.00000000,
,,,-251.59996585E-6,2.91999984,
,,,-251.19996280E-6,2.96000004,
,,,-250.79995976E-6,3.00000000,
,,,-250.39995671E-6,3.00000000,
,,,-249.99995367E-6,2.96000004,
,,,-249.59995062E-6,2.96000004,
,,,-249.19997668E-6,3.00000000,
,,,-248.79997363E-6,2.96000004,
,,,-248.39997059E-6,2.91999984,
,,,-247.99996754E-6,3.00000000,
,,,-247.59996450E-6,2.96000004,
,,,-247.19996145E-6,3.00000000,
,,,-246.79995840E-6,2.96000004,
,,,-246.39995536E-6,2.96000004,
,,,-245.99995231E-6,2.96000004,
,,,-245.59994927E-6,2.96000004,
,,,-245.19997532E-6,2.91999984,
,,,-244.79997228E-6,3.00000000,
,,,-244.39996923E-6,2.96000004,
,,,-243.99996619E-6,3.00000000,
,,,-243.59996314E-6,2.96000004,
,,,-243.19996010E-6,2.96000004,
,,,-242.79995705E-6,2.91999984,
,,,-242.39996856E-6,2.96000004,
,,,-241.99996551E-6,2.96000004,
,,,-241.59996246E-6,2.96000004,
,,,-241.19995942E-6,2.91999984,
,,,-240.79995637E-6,3.00000000,
,,,-240.39996788E-6,3.00000000,
,,,-239.99996483E-6,2.96000004,
,,,-239.59996179E-6,3.00000000,
,,,-239.19995874E-6,2.91999984,
,,,-238.79995570E-6,2.96000004,
,,,-238.39996720E-6,2.96000004,
,,,-237.99996416E-6,2.96000004,
,,,-237.59996111E-6,2.96000004,
,,,-237.19995806E-6,2.96000004,
,,,-236.79996957E-6,2.96000004,
,,,-236.39996652E-6,2.96000004,
,,,-235.99996348E-6,2.96000004,
,,,-235.59996043E-6,3.00000000,
,,,-235.19995739E-6,2.87999988,
,,,-234.79996889E-6,2.96000004,
,,,-234.39996585E-6,2.96000004,
,,,-233.99996280E-6,3.00000000,
,,,-233.59995976E-6,2.96000004,
,,,-233.19995671E-6,2.96000004,
,,,-232.79996822E-6,2.96000004,
,,,-232.39996517E-6,2.96000004,
,,,-231.99996212E-6,2.91999984,
,,,-231.59995908E-6,2.96000004,
,,,-231.19995603E-6,2.96000004,
,,,-230.79996754E-6,3.00000000,
,,,-230.39996449E-6,3.00000000,
,,,-229.99996145E-6,3.00000000,
,,,-229.59995840E-6,3.00000000,
,,,-229.19995536E-6,2.96000004,
,,,-228.79996686E-6,2.96000004,
,,,-228.39996382E-6,2.96000004,
,,,-227.99996077E-6,2.96000004,
,,,-227.59995773E-6,2.96000004,
,,,-227.19996923E-6,2.91999984,
,,,-226.79996619E-6,2.96000004,
,,,-226.39996314E-6,3.00000000,
,,,-225.99996009E-6,2.96000004,
,,,-225.59995705E-6,3.03999996,
,,,-225.19996855E-6,2.96000004,
,,,-224.79996551E-6,2.91999984,
,,,-224.39996246E-6,3.00000000,
,,,-223.99995942E-6,3.00000000,
,,,-223.59995637E-6,2.96000004,
,,,-223.19996788E-6,3.00000000,
,,,-222.79996483E-6,2.96000004,
,,,-222.39996179E-6,2.96000004,
,,,-221.99995874E-6,2.91999984,
,,,-221.59995569E-6,2.96000004,
,,,-221.19996720E-6,2.96000004,
,,,-220.79996415E-6,3.00000000,
,,,-220.39996111E-6,2.96000004,
,,,-219.99995806E-6,2.96000004,
,,,-219.59995502E-6,2.96000004,
,,,-219.19996652E-6,2.96000004,
,,,-218.79996348E-6,2.91999984,
,,,-218.39996043E-6,3.00000000,
,,,-217.99995739E-6,2.91999984,
,,,-217.59996889E-6,2.96000004,
,,,-217.19996585E-6,2.91999984,
,,,-216.79996280E-6,3.00000000,
,,,-216.39995975E-6,3.00000000,
,,,-215.99995671E-6,2.96000004,
,,,-215.59996821E-6,2.96000004,
,,,-215.19996517E-6,3.00000000,
,,,-214.79996212E-6,3.00000000,
,,,-214.39995908E-6,2.96000004,
,,,-213.99995603E-6,2.96000004,
,,,-213.59996754E-6,2.91999984,
,,,-213.19996449E-6,2.96000004,
,,,-212.79996145E-6,2.96000004,
,,,-212.39995840E-6,2.96000004,
,,,-211.99995535E-6,2.91999984,
,,,-211.59996686E-6,2.96000004,
,,,-211.19996381E-6,2.96000004,
,,,-210.79996077E-6,3.00000000,
,,,-210.39995772E-6,2.91999984,
,,,-209.99996923E-6,2.96000004,
,,,-209.59996618E-6,2.96000004,
,,,-209.19996314E-6,2.96000004,
,,,-208.79996009E-6,2.87999988,
,,,-208.39995705E-6,2.96000004,
,,,-207.99996855E-6,2.96000004,
,,,-207.59996551E-6,3.03999996,
,,,-207.19996246E-6,2.91999984,
,,,-206.79995941E-6,2.91999984,
,,,-206.39995637E-6,2.96000004,
,,,-205.99996787E-6,3.00000000,
,,,-205.59996483E-6,2.96000004,
,,,-205.19996178E-6,3.00000000,
,,,-204.79995874E-6,2.96000004,
,,,-204.39995569E-6,2.91999984,
,,,-203.99996720E-6,2.96000004,
,,,-203.59996415E-6,2.96000004,
,,,-203.19996111E-6,3.00000000,
,,,-202.79995806E-6,2.96000004,
,,,-202.39995501E-6,3.00000000,
,,,-201.99996652E-6,2.96000004,
,,,-201.59996348E-6,3.00000000,
,,,-201.19996043E-6,3.00000000,
,,,-200.79995738E-6,3.03999996,
,,,-200.39996889E-6,2.96000004,
,,,-199.99996584E-6,3.00000000,
,,,-199.59996280E-6,2.91999984,
,,,-199.19995975E-6,3.03999996,
,,,-198.79995671E-6,2.91999984,
,,,-198.39996821E-6,2.96000004,
,,,-197.99996517E-6,2.96000004,
,,,-197.59996212E-6,2.96000004,
,,,-197.19995908E-6,2.87999988,
,,,-196.79995603E-6,2.96000004,
,,,-196.39996754E-6,3.00000000,
,,,-195.99996449E-6,3.00000000,
,,,-195.59996144E-6,2.91999984,
,,,-195.19995840E-6,3.00000000,
,,,-194.79995535E-6,2.96000004,
,,,-194.39996686E-6,2.96000004,
,,,-193.99996381E-6,2.96000004,
,,,-193.59996077E-6,2.96000004,
,,,-193.19995772E-6,2.91999984,
,,,-192.79995468E-6,2.96000004,
,,,-192.39996618E-6,2.87999988,
,,,-191.99996314E-6,2.96000004,
,,,-191.59996009E-6,2.96000004,
,,,-191.19995704E-6,2.96000004,
,,,-190.79996855E-6,2.96000004,
,,,-190.39996550E-6,3.00000000,
,,,-189.99996246E-6,2.96000004,
,,,-189.59995941E-6,3.00000000,
,,,-189.19995637E-6,2.96000004,
,,,-188.79996787E-6,2.96000004,
,,,-188.39996483E-6,3.03999996,
,,,-187.99996178E-6,3.00000000,
,,,-187.59995874E-6,2.96000004,
,,,-187.19995569E-6,3.00000000,
,,,-186.79996720E-6,3.00000000,
,,,-186.39996415E-6,2.96000004,
,,,-185.99996110E-6,3.00000000,
,,,-185.59995806E-6,2.96000004,
,,,-185.19995501E-6,3.00000000,
,,,-184.79996652E-6,3.00000000,
,,,-184.39996347E-6,3.00000000,
,,,-183.99996043E-6,2.96000004,
,,,-183.59995738E-6,2.96000004,
,,,-183.19996889E-6,2.96000004,
,,,-182.79996584E-6,2.91999984,
,,,-182.39996280E-6,2.91999984,
,,,-181.99995975E-6,3.00000000,
,,,-181.59995670E-6,2.91999984,
,,,-181.19996821E-6,3.00000000,
,,,-180.79996516E-6,2.91999984,
,,,-180.39996212E-6,2.96000004,
,,,-179.99995907E-6,2.96000004,
,,,-179.59995603E-6,3.00000000,
,,,-179.19996753E-6,2.91999984,
,,,-178.79996449E-6,3.00000000,
,,,-178.39996144E-6,2.96000004,
,,,-177.99995840E-6,2.96000004,
,,,-177.59995535E-6,2.96000004,
,,,-177.19996686E-6,2.96000004,
,,,-176.79996381E-6,2.96000004,
,,,-176.39996076E-6,2.91999984,
,,,-175.99995772E-6,2.96000004,
,,,-175.59995467E-6,3.00000000,
,,,-175.19996618E-6,2.96000004,
,,,-174.79996313E-6,2.96000004,
,,,-174.39996009E-6,2.96000004,
,,,-173.99995704E-6,2.96000004,
,,,-173.59996855E-6,2.96000004,
,,,-173.19996550E-6,2.96000004,
,,,-172.79996246E-6,2.96000004,
,,,-172.39995941E-6,2.96000004,
,,,-171.99995636E-6,3.00000000,
,,,-171.59996787E-6,2.96000004,
,,,-171.19996483E-6,3.03999996,
,,,-170.79996178E-6,2.91999984,
,,,-170.39995873E-6,2.96000004,
,,,-169.99995569E-6,2.96000004,
,,,-169.59996719E-6,3.00000000,
,,,-169.19996415E-6,2.91999984,
,,,-168.79996110E-6,2.96000004,
,,,-168.39995806E-6,2.96000004,
,,,-167.99995501E-6,3.00000000,
,,,-167.59996652E-6,2.91999984,
,,,-167.19996347E-6,2.96000004,
,,,-166.79996043E-6,2.96000004,
,,,-166.39995738E-6,3.00000000,
,,,-165.99996889E-6,2.96000004,
,,,-165.59996584E-6,2.96000004,
,,,-165.19996279E-6,2.96000004,
,,,-164.79995975E-6,2.96000004,
,,,-164.39995670E-6,2.96000004,
,,,-163.99996821E-6,2.96000004,
,,,-163.59996516E-6,2.91999984,
,,,-163.19996212E-6,2.96000004,
,,,-162.79995907E-6,3.00000000,
,,,-162.39995603E-6,2.96000004,
,,,-161.99996753E-6,3.00000000,
,,,-161.59996449E-6,3.00000000,
,,,-161.19996144E-6,3.00000000,
,,,-160.79995839E-6,2.96000004,
,,,-160.39995535E-6,2.96000004,
,,,-159.99996685E-6,3.00000000,
,,,-159.59996381E-6,3.00000000,
,,,-159.19996076E-6,2.91999984,
,,,-158.79995772E-6,2.96000004,
,,,-158.39995467E-6,2.96000004,
,,,-157.99996618E-6,3.00000000,
,,,-157.59996313E-6,2.96000004,
,,,-157.19996009E-6,3.00000000,
,,,-156.79995704E-6,2.96000004,
,,,-156.39996855E-6,2.96000004,
,,,-155.99996550E-6,2.96000004,
,,,-155.59996245E-6,2.96000004,
,,,-155.19995941E-6,3.00000000,
,,,-154.79995636E-6,3.00000000,
,,,-154.39996787E-6,2.96000004,
,,,-153.99996482E-6,2.96000004,
,,,-153.59996178E-6,2.96000004,
,,,-153.19995873E-6,2.96000004,
,,,-152.79995569E-6,2.91999984,
,,,-152.39996719E-6,2.96000004,
,,,-151.99996415E-6,2.91999984,
,,,-151.59996110E-6,2.96000004,
,,,-151.19995805E-6,2.91999984,
,,,-150.79995501E-6,3.00000000,
,,,-150.39996651E-6,2.96000004,
,,,-149.99996347E-6,2.96000004,
,,,-149.59996042E-6,2.91999984,
,,,-149.19995738E-6,2.96000004,
,,,-148.79995433E-6,3.00000000,
,,,-148.3999658E-6,2.96000004,
,,,-147.9999628E-6,2.96000004,
,,,-147.5999597E-6,2.96000004,
,,,-147.1999567E-6,2.91999984,
,,,-146.7999682E-6,2.96000004,
,,,-146.3999652E-6,2.96000004,
,,,-145.9999621E-6,2.91999984,
,,,-145.5999591E-6,3.00000000,
,,,-145.1999560E-6,3.00000000,
,,,-144.7999675E-6,3.00000000,
,,,-144.3999645E-6,2.91999984,
,,,-143.9999614E-6,3.00000000,
,,,-143.5999584E-6,2.96000004,
,,,-143.1999553E-6,2.96000004,
,,,-142.7999669E-6,2.91999984,
,,,-142.3999638E-6,3.00000000,
,,,-141.9999608E-6,2.91999984,
,,,-141.5999577E-6,3.00000000,
,,,-141.1999547E-6,2.96000004,
,,,-140.7999662E-6,2.96000004,
,,,-140.3999631E-6,2.96000004,
,,,-139.9999601E-6,3.03999996,
,,,-139.5999570E-6,2.87999988,
,,,-139.1999685E-6,2.96000004,
,,,-138.7999655E-6,2.96000004,
,,,-138.3999625E-6,2.96000004,
,,,-137.9999594E-6,2.96000004,
,,,-137.5999564E-6,3.00000000,
,,,-137.1999679E-6,2.96000004,
,,,-136.7999648E-6,2.96000004,
,,,-136.3999618E-6,2.96000004,
,,,-135.9999587E-6,2.96000004,
,,,-135.5999557E-6,2.91999984,
,,,-135.1999672E-6,2.96000004,
,,,-134.7999641E-6,2.96000004,
,,,-134.3999611E-6,2.91999984,
,,,-133.9999581E-6,2.96000004,
,,,-133.5999550E-6,2.96000004,
,,,-133.1999665E-6,2.96000004,
,,,-132.7999635E-6,2.96000004,
,,,-132.3999604E-6,3.00000000,
,,,-131.9999574E-6,3.00000000,
,,,-131.5999543E-6,3.03999996,
,,,-131.1999658E-6,2.96000004,
,,,-130.7999628E-6,2.96000004,
,,,-130.3999597E-6,2.96000004,
,,,-129.9999567E-6,3.00000000,
,,,-129.5999682E-6,2.91999984,
,,,-129.1999652E-6,2.91999984,
,,,-128.7999621E-6,2.96000004,
,,,-128.3999591E-6,3.00000000,
,,,-127.9999560E-6,2.91999984,
,,,-127.5999675E-6,2.96000004,
,,,-127.1999645E-6,3.00000000,
,,,-126.7999614E-6,2.96000004,
,,,-126.3999584E-6,2.91999984,
,,,-125.9999553E-6,3.00000000,
,,,-125.5999669E-6,2.96000004,
,,,-125.1999638E-6,3.00000000,
,,,-124.7999608E-6,3.00000000,
,,,-124.3999577E-6,2.96000004,
,,,-123.9999547E-6,2.96000004,
,,,-123.5999662E-6,2.91999984,
,,,-123.1999631E-6,3.03999996,
,,,-122.7999601E-6,2.96000004,
,,,-122.3999570E-6,2.96000004,
,,,-121.9999613E-6,3.00000000,
,,,-121.5999582E-6,3.00000000,
,,,-121.1999625E-6,2.96000004,
,,,-120.7999594E-6,3.00000000,
,,,-120.3999636E-6,3.03999996,
,,,-119.9999606E-6,3.00000000,
,,,-119.5999575E-6,2.91999984,
,,,-119.1999618E-6,2.96000004,
,,,-118.7999587E-6,2.91999984,
,,,-118.3999630E-6,3.00000000,
,,,-117.9999599E-6,2.87999988,
,,,-117.5999641E-6,2.96000004,
,,,-117.1999611E-6,2.96000004,
,,,-116.7999581E-6,3.00000000,
,,,-116.3999623E-6,2.87999988,
,,,-115.9999592E-6,2.96000004,
,,,-115.5999635E-6,2.96000004,
,,,-115.1999604E-6,3.00000000,
,,,-114.7999646E-6,3.00000000,
,,,-114.3999616E-6,3.00000000,
,,,-113.9999586E-6,2.96000004,
,,,-113.5999628E-6,2.96000004,
,,,-113.1999597E-6,2.87999988,
,,,-112.7999640E-6,2.96000004,
,,,-112.3999609E-6,2.96000004,
,,,-111.9999579E-6,3.00000000,
,,,-111.5999621E-6,3.00000000,
,,,-111.1999591E-6,2.96000004,
,,,-110.7999633E-6,2.96000004,
,,,-110.3999602E-6,3.00000000,
,,,-109.9999645E-6,2.96000004,
,,,-109.5999614E-6,2.91999984,
,,,-109.1999584E-6,3.00000000,
,,,-108.7999626E-6,3.00000000,
,,,-108.3999596E-6,2.96000004,
,,,-107.9999638E-6,2.91999984,
,,,-107.5999608E-6,3.00000000,
,,,-107.1999577E-6,2.96000004,
,,,-106.7999619E-6,3.00000000,
,,,-106.3999589E-6,2.96000004,
,,,-105.9999631E-6,3.00000000,
,,,-105.5999601E-6,3.03999996,
,,,-105.1999643E-6,3.00000000,
,,,-104.7999613E-6,2.91999984,
,,,-104.3999582E-6,2.96000004,
,,,-103.9999624E-6,2.91999984,
,,,-103.5999594E-6,2.96000004,
,,,-103.1999636E-6,2.91999984,
,,,-102.7999606E-6,2.96000004,
,,,-102.3999575E-6,2.91999984,
,,,-101.9999618E-6,3.00000000,
,,,-101.5999587E-6,2.91999984,
,,,-101.1999630E-6,3.00000000,
,,,-100.7999599E-6,3.00000000,
,,,-100.3999641E-6,3.00000000,
,,,-99.999961094E-6,2.96000004,
,,,-99.599958048E-6,3.03999996,
,,,-99.199962278E-6,2.96000004,
,,,-98.799959233E-6,2.96000004,
,,,-98.399963463E-6,2.96000004,
,,,-97.999960417E-6,2.96000004,
,,,-97.599957371E-6,2.96000004,
,,,-97.199961601E-6,3.00000000,
,,,-96.799958555E-6,2.96000004,
,,,-96.399962786E-6,2.96000004,
,,,-95.999959740E-6,2.96000004,
,,,-95.599963970E-6,2.96000004,
,,,-95.199960924E-6,3.00000000,
,,,-94.799957878E-6,2.96000004,
,,,-94.399962109E-6,2.96000004,
,,,-93.999959063E-6,2.91999984,
,,,-93.599963293E-6,3.00000000,
,,,-93.199960247E-6,2.91999984,
,,,-92.799957201E-6,2.96000004,
,,,-92.399961432E-6,2.96000004,
,,,-91.999958386E-6,3.00000000,
,,,-91.599962616E-6,2.96000004,
,,,-91.199959570E-6,2.96000004,
,,,-90.799963800E-6,3.00000000,
,,,-90.399960754E-6,2.96000004,
,,,-89.999957709E-6,2.91999984,
,,,-89.599961939E-6,2.96000004,
,,,-89.199958893E-6,2.91999984,
,,,-88.799963123E-6,2.91999984,
,,,-88.399960077E-6,2.91999984,
,,,-87.999964308E-6,2.96000004,
,,,-87.599961262E-6,2.96000004,
,,,-87.199958216E-6,2.96000004,
,,,-86.799962446E-6,2.91999984,
,,,-86.399959400E-6,2.96000004,
,,,-85.999963630E-6,2.96000004,
,,,-85.599960585E-6,2.91999984,
,,,-85.199957539E-6,2.96000004,
,,,-84.799961769E-6,2.96000004,
,,,-84.399958723E-6,2.91999984,
,,,-83.999962953E-6,2.96000004,
,,,-83.599959908E-6,2.91999984,
,,,-83.199964138E-6,2.91999984,
,,,-82.799961092E-6,3.00000000,
,,,-82.399958046E-6,3.00000000,
,,,-81.999962276E-6,3.00000000,
,,,-81.599959231E-6,2.91999984,
,,,-81.199963461E-6,2.96000004,
,,,-80.799960415E-6,2.91999984,
,,,-80.399957369E-6,2.96000004,
,,,-79.999961599E-6,2.91999984,
,,,-79.599958553E-6,2.91999984,
,,,-79.199962784E-6,2.96000004,
,,,-78.799959738E-6,3.00000000,
,,,-78.399963968E-6,2.87999988,
,,,-77.999960922E-6,2.96000004,
,,,-77.599957876E-6,2.96000004,
,,,-77.199962107E-6,-2.91999984,
,,,-76.799959061E-6,-2.83999991,
,,,-76.399963291E-6,-2.87999988,
,,,-75.999960245E-6,-2.87999988,
,,,-75.599957199E-6,-2.87999988,
,,,-75.199961429E-6,-2.91999984,
,,,-74.799958384E-6,-2.91999984,
,,,-74.399962614E-6,-2.91999984,
,,,-73.999959568E-6,-2.96000004,
,,,-73.599963798E-6,-2.91999984,
,,,-73.199960752E-6,-2.91999984,
,,,-72.799957707E-6,-2.96000004,
,,,-72.399961937E-6,-2.91999984,
,,,-71.999958891E-6,-2.87999988,
,,,-71.599963121E-6,-2.96000004,
,,,-71.199960075E-6,-2.96000004,
,,,-70.799957030E-6,-3.00000000,
,,,-70.399961260E-6,-2.96000004,
,,,-69.999958214E-6,-3.00000000,
,,,-69.599962444E-6,-2.96000004,
,,,-69.199959398E-6,-2.96000004,
,,,-68.799963628E-6,-3.00000000,
,,,-68.399960583E-6,-2.96000004,
,,,-67.999957537E-6,-2.96000004,
,,,-67.599961767E-6,-2.91999984,
,,,-67.199958721E-6,-2.96000004,
,,,-66.799962951E-6,-2.96000004,
,,,-66.399959906E-6,-2.91999984,
,,,-65.999956860E-6,-3.00000000,
,,,-65.599961090E-6,-3.00000000,
,,,-65.199958044E-6,-3.00000000,
,,,-64.799962274E-6,-3.00000000,
,,,-64.399959228E-6,-2.96000004,
,,,-63.999963459E-6,-3.03999996,
,,,-63.599960413E-6,-3.03999996,
,,,-63.199957367E-6,-2.96000004,
,,,-62.799961597E-6,-3.00000000,
,,,-62.399958551E-6,-3.00000000,
,,,-61.999962782E-6,-3.00000000,
,,,-61.599959736E-6,-3.03999996,
,,,-61.199963966E-6,-2.96000004,
,,,-60.799960920E-6,-3.00000000,
,,,-60.399961512E-6,-3.00000000,
,,,-59.999962104E-6,-3.00000000,
,,,-59.599959059E-6,-3.00000000,
,,,-59.199959651E-6,-3.03999996,
,,,-58.799960243E-6,-2.96000004,
,,,-58.399960835E-6,-3.00000000,
,,,-57.999961427E-6,-3.00000000,
,,,-57.599962020E-6,-3.03999996,
,,,-57.199958974E-6,-3.03999996,
,,,-56.799959566E-6,-3.00000000,
,,,-56.399960158E-6,-2.96000004,
,,,-55.999960750E-6,-3.00000000,
,,,-55.599961343E-6,-3.03999996,
,,,-55.199961935E-6,-3.00000000,
,,,-54.799958889E-6,-3.00000000,
,,,-54.39995948E-6,-3.03999996,
,,,-53.99996007E-6,-3.00000000,
,,,-53.59996067E-6,-3.00000000,
,,,-53.19996126E-6,-3.00000000,
,,,-52.79996185E-6,-3.03999996,
,,,-52.39995880E-6,-3.03999996,
,,,-51.99995940E-6,-3.00000000,
,,,-51.59995999E-6,-3.00000000,
,,,-51.19996058E-6,-2.96000004,
,,,-50.79996117E-6,-3.03999996,
,,,-50.39996176E-6,-3.03999996,
,,,-49.99995872E-6,-3.03999996,
,,,-49.59995931E-6,-2.96000004,
,,,-49.19995990E-6,-3.03999996,
,,,-48.79996050E-6,-2.96000004,
,,,-48.39996109E-6,-3.03999996,
,,,-47.99996168E-6,-3.00000000,
,,,-47.59995863E-6,-3.03999996,
,,,-47.19995923E-6,-3.00000000,
,,,-46.79995982E-6,-3.03999996,
,,,-46.39996041E-6,-3.00000000,
,,,-45.99996100E-6,-3.00000000,
,,,-45.59996160E-6,-2.96000004,
,,,-45.19995855E-6,-3.00000000,
,,,-44.79995914E-6,-3.00000000,
,,,-44.39995973E-6,-3.00000000,
,,,-43.99996033E-6,-3.00000000,
,,,-43.59996092E-6,-3.00000000,
,,,-43.19996151E-6,-3.03999996,
,,,-42.79995846E-6,-2.96000004,
,,,-42.39995906E-6,-3.03999996,
,,,-41.99995965E-6,-2.96000004,
,,,-41.59996024E-6,-3.00000000,
,,,-41.19996083E-6,-3.00000000,
,,,-40.79996143E-6,-3.03999996,
,,,-40.39995838E-6,-3.00000000,
,,,-39.99995897E-6,-3.00000000,
,,,-39.59995956E-6,-3.00000000,
,,,-39.19996016E-6,-3.03999996,
,,,-38.79996075E-6,-3.03999996,
,,,-38.39996134E-6,-3.03999996,
,,,-37.99996193E-6,-3.03999996,
,,,-37.59995889E-6,-3.03999996,
,,,-37.19995948E-6,-3.03999996,
,,,-36.79996007E-6,-3.07999992,
,,,-36.39996066E-6,-3.03999996,
,,,-35.99996126E-6,-3.00000000,
,,,-35.59996185E-6,-3.03999996,
,,,-35.19995880E-6,-3.03999996,
,,,-34.79995939E-6,-3.03999996,
,,,-34.39995999E-6,-3.03999996,
,,,-33.99996058E-6,-3.03999996,
,,,-33.59996117E-6,-3.03999996,
,,,-33.19996176E-6,-3.00000000,
,,,-32.79995872E-6,-3.03999996,
,,,-32.39995931E-6,-3.00000000,
,,,-31.99995990E-6,-3.03999996,
,,,-31.59996049E-6,-3.00000000,
,,,-31.19996109E-6,-3.03999996,
,,,-30.79996168E-6,-3.00000000,
,,,-30.39996045E-6,-3.03999996,
,,,-29.99995922E-6,-3.00000000,
,,,-29.59995982E-6,-3.03999996,
,,,-29.19996041E-6,-3.00000000,
,,,-28.79995918E-6,-3.03999996,
,,,-28.39995977E-6,-3.00000000,
,,,-27.99996037E-6,-3.03999996,
,,,-27.59995914E-6,-3.03999996,
,,,-27.19995973E-6,-3.03999996,
,,,-26.79996032E-6,-3.03999996,
,,,-26.39996092E-6,-3.03999996,
,,,-25.99995969E-6,-3.07999992,
,,,-25.59996028E-6,-3.00000000,
,,,-25.19996087E-6,-3.00000000,
,,,-24.79995965E-6,-3.00000000,
,,,-24.39996024E-6,-3.07999992,
,,,-23.99996083E-6,-3.00000000,
,,,-23.59995960E-6,-3.00000000,
,,,-23.19996020E-6,-3.03999996,
,,,-22.79996079E-6,-3.03999996,
,,,-22.39995956E-6,-3.03999996,
,,,-21.99996015E-6,-3.03999996,
,,,-21.59996075E-6,-3.03999996,
,,,-21.19995952E-6,-3.03999996,
,,,-20.79996011E-6,-3.00000000,
,,,-20.39996070E-6,-3.03999996,
,,,-19.9999595E-6,-3.00000000,
,,,-19.5999601E-6,-3.03999996,
,,,-19.1999607E-6,-3.03999996,
,,,-18.7999594E-6,-3.03999996,
,,,-18.3999600E-6,-3.07999992,
,,,-17.9999606E-6,-3.07999992,
,,,-17.5999594E-6,-3.03999996,
,,,-17.1999600E-6,-3.03999996,
,,,-16.7999606E-6,-3.03999996,
,,,-16.3999593E-6,-3.00000000,
,,,-15.9999599E-6,-3.03999996,
,,,-15.5999605E-6,-3.03999996,
,,,-15.1999602E-6,-3.00000000,
,,,-14.7999599E-6,-3.03999996,
,,,-14.3999596E-6,-3.07999992,
,,,-13.9999602E-6,-3.00000000,
,,,-13.5999599E-6,-3.03999996,
,,,-13.1999595E-6,-3.03999996,
,,,-12.7999601E-6,-3.00000000,
,,,-12.3999598E-6,-3.00000000,
,,,-11.9999595E-6,-3.03999996,
,,,-11.5999601E-6,-3.03999996,
,,,-11.1999598E-6,-3.00000000,
,,,-10.7999595E-6,-3.00000000,
,,,-10.3999600E-6,-3.00000000,
,,,-9.999959730E-6,-2.96000004,
,,,-9.599959412E-6,-2.96000004,
,,,-9.199960004E-6,-3.00000000,
,,,-8.799959687E-6,-3.03999996,
,,,-8.399959370E-6,-3.03999996,
,,,-7.999959962E-6,-3.00000000,
,,,-7.599959645E-6,-3.03999996,
,,,-7.19995978E-6,-3.03999996,
,,,-6.79995992E-6,-3.03999996,
,,,-6.39995960E-6,-3.00000000,
,,,-5.99995974E-6,-3.00000000,
,,,-5.59995988E-6,-3.00000000,
,,,-5.19995956E-6,-3.00000000,
,,,-4.79995970E-6,-3.00000000,
,,,-4.39995983E-6,-3.03999996,
,,,-3.99995952E-6,-2.96000004,
,,,-3.59995965E-6,-3.03999996,
,,,-3.19995979E-6,-3.00000000,
,,,-2.79995970E-6,-3.00000000,
,,,-2.3999596E-6,-3.00000000,
,,,-1.9999597E-6,-3.00000000,
,,,-1.5999597E-6,-3.03999996,
,,,-1.1999597E-6,-3.00000000,
,,,-799.959707365E-9,-3.03999996,
,,,-399.95970269E-9,-2.96000004,
,,,40.30198381E-12,-3.00000000,
,,,400.04030666E-9,-3.03999996,
,,,800.040311333E-9,-3.00000000,
,,,1.2000403E-6,-3.03999996,
,,,1.6000404E-6,-3.03999996,
,,,2.0000402E-6,-3.03999996,
,,,2.4000403E-6,-3.03999996,
,,,2.80004042E-6,2.83999991,
,,,3.20004028E-6,2.79999995,
,,,3.60004037E-6,2.83999991,
,,,4.00004046E-6,2.75999999,
,,,4.40004032E-6,2.79999995,
,,,4.80004019E-6,2.83999991,
,,,5.20004050E-6,2.83999991,
,,,5.60004037E-6,2.75999999,
,,,6.00004023E-6,2.83999991,
,,,6.40004055E-6,2.79999995,
,,,6.80004041E-6,2.83999991,
,,,7.20004027E-6,2.87999988,
,,,7.600040590E-6,2.91999984,
,,,8.000039998E-6,2.91999984,
,,,8.400040315E-6,2.91999984,
,,,8.800040632E-6,2.87999988,
,,,9.200040040E-6,2.87999988,
,,,9.600040357E-6,2.91999984,
,,,10.0000407E-6,2.87999988,
,,,10.4000401E-6,2.87999988,
,,,10.8000404E-6,2.87999988,
,,,11.2000407E-6,2.91999984,
,,,11.6000401E-6,2.87999988,
,,,12.0000404E-6,2.91999984,
,,,12.4000408E-6,2.91999984,
,,,12.8000402E-6,2.91999984,
,,,13.2000405E-6,2.96000004,
,,,13.6000408E-6,2.91999984,
,,,14.0000402E-6,2.87999988,
,,,14.4000405E-6,2.96000004,
,,,14.8000408E-6,2.87999988,
,,,15.2000403E-6,2.87999988,
,,,15.6000406E-6,2.91999984,
,,,16.0000400E-6,2.96000004,
,,,16.4000412E-6,2.91999984,
,,,16.8000406E-6,2.96000004,
,,,17.2000400E-6,2.91999984,
,,,17.6000412E-6,2.87999988,
,,,18.0000407E-6,2.91999984,
,,,18.4000401E-6,2.91999984,
,,,18.8000413E-6,2.87999988,
,,,19.2000407E-6,2.96000004,
,,,19.6000401E-6,2.91999984,
,,,20.0000413E-6,2.91999984,
,,,20.40004074E-6,2.91999984,
,,,20.80004015E-6,2.91999984,
,,,21.20004137E-6,2.91999984,
,,,21.60004078E-6,2.91999984,
,,,22.00004019E-6,2.96000004,
,,,22.40004142E-6,2.96000004,
,,,22.80004082E-6,2.96000004,
,,,23.20004023E-6,2.96000004,
,,,23.60004146E-6,2.96000004,
,,,24.00004087E-6,2.91999984,
,,,24.40004027E-6,2.96000004,
,,,24.80003968E-6,2.91999984,
,,,25.20004091E-6,2.96000004,
,,,25.60004032E-6,2.91999984,
,,,26.00003972E-6,2.91999984,
,,,26.40004095E-6,2.96000004,
,,,26.80004036E-6,3.03999996,
,,,27.20003977E-6,2.91999984,
,,,27.60004099E-6,3.00000000,
,,,28.00004040E-6,2.91999984,
,,,28.40003981E-6,2.91999984,
,,,28.80004104E-6,2.87999988,
,,,29.20004044E-6,2.96000004,
,,,29.60003985E-6,2.96000004,
,,,30.00004108E-6,2.96000004,
,,,30.40004049E-6,2.91999984,
,,,30.80004171E-6,2.91999984,
,,,31.20004112E-6,2.91999984,
,,,31.60004053E-6,2.91999984,
,,,32.00003994E-6,2.87999988,
,,,32.40003934E-6,3.00000000,
,,,32.80004239E-6,2.96000004,
,,,33.20004180E-6,2.91999984,
,,,33.60004121E-6,2.96000004,
,,,34.00004061E-6,3.00000000,
,,,34.40004002E-6,2.96000004,
,,,34.80003943E-6,2.96000004,
,,,35.20004248E-6,2.91999984,
,,,35.60004188E-6,2.91999984,
,,,36.00004129E-6,3.00000000,
,,,36.40004070E-6,2.96000004,
,,,36.80004011E-6,3.00000000,
,,,37.20003951E-6,2.91999984,
,,,37.60003892E-6,2.96000004,
,,,38.00004197E-6,2.96000004,
,,,38.40004138E-6,2.96000004,
,,,38.80004078E-6,2.91999984,
,,,39.20004019E-6,2.96000004,
,,,39.60003960E-6,2.91999984,
,,,40.00003901E-6,2.96000004,
,,,40.40004205E-6,2.87999988,
,,,40.80004146E-6,2.96000004,
,,,41.20004087E-6,2.96000004,
,,,41.60004028E-6,3.00000000,
,,,42.00003968E-6,2.87999988,
,,,42.40003909E-6,2.96000004,
,,,42.80004214E-6,2.91999984,
,,,43.20004155E-6,3.00000000,
,,,43.60004095E-6,2.96000004,
,,,44.00004036E-6,2.91999984,
,,,44.40003977E-6,2.91999984,
,,,44.80003918E-6,2.96000004,
,,,45.20004222E-6,2.87999988,
,,,45.60004163E-6,2.96000004,
,,,46.00004104E-6,2.87999988,
,,,46.40004045E-6,2.96000004,
,,,46.80003985E-6,2.96000004,
,,,47.20003926E-6,2.96000004,
,,,47.60004231E-6,2.91999984,
,,,48.00004172E-6,2.96000004,
,,,48.40004112E-6,2.96000004,
,,,48.80004053E-6,2.96000004,
,,,49.20003994E-6,3.00000000,
,,,49.60003935E-6,2.91999984,
,,,50.00004239E-6,2.96000004,
,,,50.40004180E-6,2.96000004,
,,,50.80004121E-6,2.96000004,
,,,51.20004062E-6,2.96000004,
,,,51.60004002E-6,3.00000000,
,,,52.00003943E-6,2.96000004,
,,,52.40004248E-6,3.00000000,
,,,52.80004189E-6,3.00000000,
,,,53.20004129E-6,3.00000000,
,,,53.60004070E-6,2.96000004,
,,,54.00004011E-6,3.00000000,
,,,54.40003952E-6,3.00000000,
,,,54.800042562E-6,2.96000004,
,,,55.200041970E-6,2.91999984,
,,,55.600041378E-6,2.96000004,
,,,56.000040786E-6,2.91999984,
,,,56.400040194E-6,3.00000000,
,,,56.800039602E-6,2.87999988,
,,,57.200042647E-6,2.91999984,
,,,57.600042055E-6,3.00000000,
,,,58.000041463E-6,2.96000004,
,,,58.400040871E-6,2.91999984,
,,,58.800040279E-6,2.96000004,
,,,59.200039686E-6,2.96000004,
,,,59.600042732E-6,2.96000004,
,,,60.000042140E-6,2.91999984,
,,,60.400041548E-6,2.96000004,
,,,60.800040956E-6,2.96000004,
,,,61.200044001E-6,2.91999984,
,,,61.600039771E-6,2.96000004,
,,,62.000042817E-6,2.91999984,
,,,62.400038587E-6,2.96000004,
,,,62.800041633E-6,3.00000000,
,,,63.200044679E-6,3.00000000,
,,,63.600040448E-6,2.96000004,
,,,64.000043494E-6,2.96000004,
,,,64.400039264E-6,2.96000004,
,,,64.800042310E-6,2.96000004,
,,,65.200038080E-6,2.91999984,
,,,65.600041125E-6,2.96000004,
,,,66.000044171E-6,2.91999984,
,,,66.400039941E-6,3.00000000,
,,,66.800042987E-6,2.91999984,
,,,67.200038757E-6,2.96000004,
,,,67.600041803E-6,3.00000000,
,,,68.000037572E-6,2.96000004,
,,,68.400040618E-6,2.91999984,
,,,68.800043664E-6,2.96000004,
,,,69.200039434E-6,3.00000000,
,,,69.600042480E-6,2.96000004,
,,,70.000038249E-6,2.96000004,
,,,70.400041295E-6,2.91999984,
,,,70.800044341E-6,2.96000004,
,,,71.200040111E-6,2.96000004,
,,,71.600043157E-6,2.91999984,
,,,72.000038926E-6,2.96000004,
,,,72.400041972E-6,2.96000004,
,,,72.800037742E-6,3.00000000,
,,,73.200040788E-6,2.96000004,
,,,73.600043834E-6,2.96000004,
,,,74.000039604E-6,2.96000004,
,,,74.400042649E-6,2.96000004,
,,,74.800038419E-6,3.00000000,
,,,75.200041465E-6,2.96000004,
,,,75.600044511E-6,2.96000004,
,,,76.000040281E-6,2.96000004,
,,,76.400043326E-6,3.00000000,
,,,76.800039096E-6,2.96000004,
,,,77.200042142E-6,3.00000000,
,,,77.600037912E-6,3.00000000,
,,,78.000040958E-6,3.00000000,
,,,78.400044004E-6,2.91999984,
,,,78.800039773E-6,2.96000004,
,,,79.200042819E-6,2.91999984,
,,,79.600038589E-6,3.00000000,
,,,80.000041635E-6,2.91999984,
,,,80.400044681E-6,3.00000000,
,,,80.800040450E-6,2.96000004,
,,,81.200043496E-6,2.96000004,
,,,81.600039266E-6,2.91999984,
,,,82.000042312E-6,3.00000000,
,,,82.400038082E-6,2.91999984,
,,,82.800041127E-6,3.00000000,
,,,83.200044173E-6,2.91999984,
,,,83.600039943E-6,2.96000004,
,,,84.000042989E-6,2.91999984,
,,,84.400038759E-6,2.96000004,
,,,84.800041805E-6,2.91999984,
,,,85.200044850E-6,2.96000004,
,,,85.600040620E-6,2.91999984,
,,,86.000043666E-6,2.96000004,
,,,86.400039436E-6,2.96000004,
,,,86.800042482E-6,3.00000000,
,,,87.200038251E-6,3.00000000,
,,,87.600041297E-6,3.00000000,
,,,88.000044343E-6,2.96000004,
,,,88.400040113E-6,3.00000000,
,,,88.800043159E-6,3.00000000,
,,,89.200038929E-6,2.96000004,
,,,89.600041974E-6,2.96000004,
,,,90.000037744E-6,2.96000004,
,,,90.400040790E-6,2.96000004,
,,,90.800043836E-6,2.91999984,
,,,91.200039606E-6,3.03999996,
,,,91.600042651E-6,2.91999984,
,,,92.000038421E-6,3.00000000,
,,,92.400041467E-6,3.00000000,
,,,92.800044513E-6,3.00000000,
,,,93.200040283E-6,2.91999984,
,,,93.600043328E-6,2.96000004,
,,,94.000039098E-6,2.91999984,
,,,94.400042144E-6,2.96000004,
,,,94.800037914E-6,2.87999988,
,,,95.200040960E-6,3.00000000,
,,,95.600044006E-6,2.91999984,
,,,96.000039775E-6,3.00000000,
,,,96.400042821E-6,2.91999984,
,,,96.800038591E-6,2.96000004,
,,,97.200041637E-6,2.96000004,
,,,97.600044683E-6,2.96000004,
,,,98.000040452E-6,2.91999984,
,,,98.400043498E-6,2.96000004,
,,,98.800039268E-6,2.96000004,
,,,99.200042314E-6,3.00000000,
,,,99.600038084E-6,2.96000004,
,,,100.0000411E-6,2.96000004,
,,,100.4000442E-6,2.96000004,
,,,100.8000399E-6,2.96000004,
,,,101.2000430E-6,3.03999996,
,,,101.6000388E-6,3.00000000,
,,,102.0000418E-6,2.96000004,
,,,102.4000449E-6,3.00000000,
,,,102.8000406E-6,3.00000000,
,,,103.2000437E-6,2.96000004,
,,,103.6000394E-6,2.96000004,
,,,104.0000425E-6,2.91999984,
,,,104.4000383E-6,2.96000004,
,,,104.8000413E-6,2.96000004,
,,,105.2000443E-6,2.91999984,
,,,105.6000401E-6,2.96000004,
,,,106.0000432E-6,3.03999996,
,,,106.4000389E-6,2.91999984,
,,,106.8000420E-6,3.03999996,
,,,107.2000450E-6,2.96000004,
,,,107.6000408E-6,2.96000004,
,,,108.0000438E-6,2.91999984,
,,,108.4000396E-6,2.96000004,
,,,108.8000427E-6,2.96000004,
,,,109.2000384E-6,3.03999996,
,,,109.6000415E-6,2.91999984,
,,,110.0000445E-6,3.00000000,
,,,110.4000403E-6,2.96000004,
,,,110.8000433E-6,2.91999984,
,,,111.2000391E-6,2.91999984,
,,,111.6000421E-6,2.96000004,
,,,112.0000452E-6,2.96000004,
,,,112.4000410E-6,3.00000000,
,,,112.8000440E-6,2.96000004,
,,,113.2000398E-6,2.96000004,
,,,113.6000428E-6,2.91999984,
,,,114.0000386E-6,2.91999984,
,,,114.4000416E-6,2.96000004,
,,,114.8000447E-6,2.91999984,
,,,115.2000405E-6,2.96000004,
,,,115.6000435E-6,3.00000000,
,,,116.0000393E-6,3.03999996,
,,,116.4000423E-6,2.96000004,
,,,116.8000381E-6,3.00000000,
,,,117.2000411E-6,2.96000004,
,,,117.6000442E-6,3.00000000,
,,,118.0000399E-6,2.87999988,
,,,118.4000430E-6,2.96000004,
,,,118.8000388E-6,2.96000004,
,,,119.2000418E-6,3.00000000,
,,,119.6000449E-6,2.96000004,
,,,120.0000406E-6,2.96000004,
,,,120.4000437E-6,2.96000004,
,,,120.8000394E-6,2.96000004,
,,,121.2000425E-6,2.91999984,
,,,121.6000383E-6,2.96000004,
,,,122.0000413E-6,2.96000004,
,,,122.4000443E-6,3.00000000,
,,,122.8000474E-6,2.96000004,
,,,123.2000359E-6,3.00000000,
,,,123.6000389E-6,2.96000004,
,,,124.0000420E-6,3.00000000,
,,,124.4000450E-6,2.87999988,
,,,124.8000481E-6,2.96000004,
,,,125.2000366E-6,2.96000004,
,,,125.6000396E-6,3.03999996,
,,,126.0000427E-6,2.96000004,
,,,126.4000457E-6,3.03999996,
,,,126.8000487E-6,2.96000004,
,,,127.2000372E-6,3.03999996,
,,,127.6000403E-6,2.96000004,
,,,128.0000433E-6,2.96000004,
,,,128.4000464E-6,2.96000004,
,,,128.8000349E-6,2.96000004,
,,,129.2000379E-6,2.96000004,
,,,129.6000410E-6,2.96000004,
,,,130.0000440E-6,3.00000000,
,,,130.4000471E-6,2.91999984,
,,,130.8000355E-6,3.00000000,
,,,131.2000386E-6,2.91999984,
,,,131.6000416E-6,3.00000000,
,,,132.0000447E-6,2.96000004,
,,,132.4000477E-6,3.00000000,
,,,132.8000362E-6,2.91999984,
,,,133.2000393E-6,3.00000000,
,,,133.6000423E-6,2.96000004,
,,,134.0000454E-6,2.96000004,
,,,134.4000484E-6,2.91999984,
,,,134.8000369E-6,3.00000000,
,,,135.2000399E-6,2.96000004,
,,,135.6000430E-6,3.00000000,
,,,136.0000460E-6,2.91999984,
,,,136.4000491E-6,2.96000004,
,,,136.8000376E-6,2.96000004,
,,,137.2000406E-6,2.96000004,
,,,137.6000437E-6,2.91999984,
,,,138.0000467E-6,3.00000000,
,,,138.4000352E-6,2.96000004,
,,,138.8000383E-6,2.96000004,
,,,139.2000413E-6,2.91999984,
,,,139.6000443E-6,2.96000004,
,,,140.0000474E-6,2.96000004,
,,,140.4000359E-6,2.96000004,
,,,140.8000389E-6,2.96000004,
,,,141.2000420E-6,2.96000004,
,,,141.6000450E-6,2.96000004,
,,,142.0000481E-6,2.96000004,
,,,142.4000366E-6,3.03999996,
,,,142.8000396E-6,2.96000004,
,,,143.2000427E-6,2.96000004,
,,,143.6000457E-6,2.96000004,
,,,144.0000487E-6,2.96000004,
,,,144.4000372E-6,2.96000004,
,,,144.8000403E-6,3.00000000,
,,,145.2000433E-6,2.96000004,
,,,145.6000464E-6,3.00000000,
,,,146.0000349E-6,2.91999984,
,,,146.4000379E-6,2.96000004,
,,,146.8000410E-6,2.96000004,
,,,147.2000440E-6,2.96000004,
,,,147.6000471E-6,2.91999984,
,,,148.0000356E-6,2.96000004,
,,,148.4000386E-6,3.00000000,
,,,148.80004164E-6,3.00000000,
,,,149.20004469E-6,2.91999984,
,,,149.60004773E-6,2.96000004,
,,,150.00003623E-6,3.00000000,
,,,150.40003927E-6,2.96000004,
,,,150.80004232E-6,2.91999984,
,,,151.20004537E-6,3.00000000,
,,,151.60004841E-6,2.96000004,
,,,152.00003691E-6,2.96000004,
,,,152.40003995E-6,2.91999984,
,,,152.80004300E-6,3.00000000,
,,,153.20004604E-6,2.96000004,
,,,153.60004909E-6,2.96000004,
,,,154.00003758E-6,2.96000004,
,,,154.40004063E-6,2.96000004,
,,,154.80004367E-6,2.96000004,
,,,155.20004672E-6,2.96000004,
,,,155.60003521E-6,3.00000000,
,,,156.00003826E-6,2.91999984,
,,,156.40004131E-6,3.00000000,
,,,156.80004435E-6,2.96000004,
,,,157.20004740E-6,3.00000000,
,,,157.60003589E-6,2.96000004,
,,,158.00003894E-6,2.96000004,
,,,158.40004198E-6,2.96000004,
,,,158.80004503E-6,3.00000000,
,,,159.20004807E-6,2.91999984,
,,,159.60003657E-6,2.96000004,
,,,160.00003961E-6,3.03999996,
,,,160.40004266E-6,3.00000000,
,,,160.80004571E-6,2.91999984,
,,,161.20004875E-6,2.96000004,
,,,161.60003725E-6,3.00000000,
,,,162.00004029E-6,2.96000004,
,,,162.40004334E-6,2.96000004,
,,,162.80004638E-6,3.00000000,
,,,163.20004943E-6,2.91999984,
,,,163.60003792E-6,3.00000000,
,,,164.00004097E-6,2.91999984,
,,,164.40004401E-6,3.00000000,
,,,164.80004706E-6,2.96000004,
,,,165.20003555E-6,3.00000000,
,,,165.60003860E-6,2.96000004,
,,,166.00004165E-6,2.96000004,
,,,166.40004469E-6,3.00000000,
,,,166.80004774E-6,2.96000004,
,,,167.20003623E-6,2.96000004,
,,,167.60003928E-6,3.00000000,
,,,168.00004232E-6,2.96000004,
,,,168.40004537E-6,2.96000004,
,,,168.80004841E-6,2.96000004,
,,,169.20003691E-6,3.00000000,
,,,169.60003995E-6,2.96000004,
,,,170.00004300E-6,2.96000004,
,,,170.40004604E-6,3.03999996,
,,,170.80004909E-6,2.96000004,
,,,171.20003758E-6,2.96000004,
,,,171.60004063E-6,3.00000000,
,,,172.00004368E-6,3.00000000,
,,,172.40004672E-6,2.87999988,
,,,172.80003522E-6,2.96000004,
,,,173.20003826E-6,2.96000004,
,,,173.60004131E-6,2.96000004,
,,,174.00004435E-6,2.87999988,
,,,174.40004740E-6,3.00000000,
,,,174.80003589E-6,2.91999984,
,,,175.20003894E-6,3.00000000,
,,,175.60004198E-6,2.91999984,
,,,176.00004503E-6,3.00000000,
,,,176.40004808E-6,2.96000004,
,,,176.80003657E-6,2.96000004,
,,,177.20003962E-6,2.91999984,
,,,177.60004266E-6,3.03999996,
,,,178.00004571E-6,2.96000004,
,,,178.40004875E-6,3.00000000,
,,,178.80003725E-6,2.96000004,
,,,179.20004029E-6,2.96000004,
,,,179.60004334E-6,2.91999984,
,,,180.00004638E-6,2.91999984,
,,,180.40004943E-6,3.00000000,
,,,180.80003792E-6,2.96000004,
,,,181.20004097E-6,2.96000004,
,,,181.60004402E-6,3.00000000,
,,,182.00004706E-6,3.00000000,
,,,182.40003556E-6,3.00000000,
,,,182.80003860E-6,2.96000004,
,,,183.20004165E-6,2.91999984,
,,,183.60004469E-6,3.00000000,
,,,184.00004774E-6,2.96000004,
,,,184.40003623E-6,2.96000004,
,,,184.80003928E-6,2.96000004,
,,,185.20004232E-6,3.03999996,
,,,185.60004537E-6,2.96000004,
,,,186.00004842E-6,3.00000000,
,,,186.40003691E-6,2.96000004,
,,,186.80003996E-6,3.00000000,
,,,187.20004300E-6,2.91999984,
,,,187.60004605E-6,3.00000000,
,,,188.00004909E-6,3.00000000,
,,,188.40003759E-6,3.00000000,
,,,188.80004063E-6,2.87999988,
,,,189.20004368E-6,2.96000004,
,,,189.60004672E-6,3.00000000,
,,,190.00004977E-6,2.96000004,
,,,190.40003826E-6,2.96000004,
,,,190.80004131E-6,2.96000004,
,,,191.20004436E-6,2.96000004,
,,,191.60004740E-6,2.96000004,
,,,192.00003590E-6,3.00000000,
,,,192.40003894E-6,3.00000000,
,,,192.80004199E-6,2.91999984,
,,,193.20004503E-6,2.96000004,
,,,193.60004808E-6,2.96000004,
,,,194.00003657E-6,2.96000004,
,,,194.40003962E-6,2.87999988,
,,,194.80004266E-6,2.96000004,
,,,195.20004571E-6,2.96000004,
,,,195.60004876E-6,2.96000004,
,,,196.00003725E-6,3.00000000,
,,,196.40004029E-6,2.96000004,
,,,196.80004334E-6,2.96000004,
,,,197.20004639E-6,2.91999984,
,,,197.60004943E-6,2.96000004,
,,,198.00003793E-6,2.91999984,
,,,198.40004097E-6,3.00000000,
,,,198.80004402E-6,2.96000004,
,,,199.20004706E-6,3.00000000,
,,,199.60003556E-6,2.96000004,
,,,200.00003860E-6,2.96000004,
,,,200.40004165E-6,2.87999988,
,,,200.80004469E-6,2.96000004,
,,,201.20004774E-6,2.96000004,
,,,201.60003623E-6,2.96000004,
,,,202.00003928E-6,2.96000004,
,,,202.40004233E-6,3.00000000,
,,,202.80004537E-6,2.91999984,
,,,203.20004842E-6,2.96000004,
,,,203.60003691E-6,2.91999984,
,,,204.00003996E-6,2.96000004,
,,,204.40004300E-6,2.96000004,
,,,204.80004605E-6,2.96000004,
,,,205.20004909E-6,3.00000000,
,,,205.60003759E-6,3.03999996,
,,,206.00004063E-6,3.00000000,
,,,206.40004368E-6,2.96000004,
,,,206.80004673E-6,2.91999984,
,,,207.20004977E-6,3.00000000,
,,,207.60003827E-6,3.03999996,
,,,208.00004131E-6,2.96000004,
,,,208.40004436E-6,2.96000004,
,,,208.80004740E-6,3.00000000,
,,,209.20003590E-6,3.00000000,
,,,209.60003894E-6,2.96000004,
,,,210.00004199E-6,3.00000000,
,,,210.40004503E-6,2.96000004,
,,,210.80004808E-6,2.96000004,
,,,211.20003657E-6,3.00000000,
,,,211.60003962E-6,3.03999996,
,,,212.00004267E-6,2.96000004,
,,,212.40004571E-6,3.00000000,
,,,212.80004876E-6,2.96000004,
,,,213.20003725E-6,2.96000004,
,,,213.60004030E-6,2.96000004,
,,,214.00004334E-6,2.96000004,
,,,214.40004639E-6,2.91999984,
,,,214.80004943E-6,3.00000000,
,,,215.20003793E-6,2.96000004,
,,,215.60004097E-6,2.96000004,
,,,216.00004402E-6,2.96000004,
,,,216.40004707E-6,2.96000004,
,,,216.80005011E-6,2.96000004,
,,,217.20003861E-6,2.96000004,
,,,217.60004165E-6,2.96000004,
,,,218.00004470E-6,2.96000004,
,,,218.40004774E-6,2.96000004,
,,,218.80003624E-6,2.96000004,
,,,219.20003928E-6,2.96000004,
,,,219.60004233E-6,3.00000000,
,,,220.00004537E-6,3.00000000,
,,,220.40004842E-6,3.00000000,
,,,220.80003691E-6,2.96000004,
,,,221.20003996E-6,3.00000000,
,,,221.60004301E-6,3.00000000,
,,,222.00004605E-6,2.96000004,
,,,222.40004910E-6,2.96000004,
,,,222.80003759E-6,2.96000004,
,,,223.20004064E-6,3.00000000,
,,,223.60004368E-6,2.91999984,
,,,224.00004673E-6,2.96000004,
,,,224.40004977E-6,2.96000004,
,,,224.80003827E-6,3.00000000,
,,,225.20004131E-6,2.96000004,
,,,225.60004436E-6,3.00000000,
,,,226.00004741E-6,2.91999984,
,,,226.40003590E-6,3.00000000,
,,,226.80003894E-6,2.96000004,
,,,227.20004199E-6,2.96000004,
,,,227.60004504E-6,2.96000004,
,,,228.00004808E-6,3.00000000,
,,,228.40003658E-6,2.91999984,
,,,228.80003962E-6,2.91999984,
,,,229.20004267E-6,3.00000000,
,,,229.60004571E-6,3.00000000,
,,,230.00004876E-6,2.96000004,
,,,230.40003725E-6,2.96000004,
,,,230.80004030E-6,2.96000004,
,,,231.20004334E-6,2.96000004,
,,,231.60004639E-6,2.96000004,
,,,232.00004944E-6,3.00000000,
,,,232.40003793E-6,2.91999984,
,,,232.80004098E-6,2.96000004,
,,,233.20004402E-6,3.00000000,
,,,233.60004707E-6,3.00000000,
,,,234.00005011E-6,2.96000004,
,,,234.40003861E-6,3.00000000,
,,,234.80004165E-6,3.00000000,
,,,235.20004470E-6,2.96000004,
,,,235.60004774E-6,3.00000000,
,,,236.00003624E-6,2.96000004,
,,,236.40003928E-6,3.00000000,
,,,236.80004233E-6,2.91999984,
,,,237.20004538E-6,2.96000004,
,,,237.60004842E-6,2.96000004,
,,,238.00003692E-6,2.96000004,
,,,238.40003996E-6,2.87999988,
,,,238.80004301E-6,3.00000000,
,,,239.20004605E-6,2.96000004,
,,,239.60004910E-6,3.00000000,
,,,240.00003759E-6,2.91999984,
,,,240.40004064E-6,2.96000004,
,,,240.80004368E-6,3.00000000,
,,,241.20004673E-6,3.00000000,
,,,241.60004978E-6,2.96000004,
,,,242.00003827E-6,2.91999984,
,,,242.40004132E-6,2.96000004,
,,,242.80004436E-6,3.03999996,
,,,243.20004741E-6,2.91999984,
,,,243.60003590E-6,2.96000004,
,,,244.00003895E-6,2.91999984,
,,,244.40005654E-6,3.00000000,
,,,244.80003049E-6,2.96000004,
,,,245.20003353E-6,3.00000000,
,,,245.60003658E-6,3.00000000,
,,,246.00003962E-6,2.96000004,
,,,246.40004267E-6,2.91999984,
,,,246.80004572E-6,2.96000004,
,,,247.20004876E-6,2.96000004,
,,,247.60005181E-6,2.96000004,
,,,248.00005485E-6,2.96000004,
,,,248.40002880E-6,3.00000000,
,,,248.80003184E-6,2.96000004,
,,,249.20003489E-6,2.96000004,
,,,249.60003793E-6,3.00000000,
,,,250.00004098E-6,2.96000004,
,,,250.40004402E-6,2.96000004,
,,,250.80004707E-6,2.96000004,
,,,251.20005012E-6,2.96000004,
,,,251.60005316E-6,2.91999984,
,,,252.00005621E-6,2.96000004,
,,,252.40003015E-6,2.91999984,
,,,252.80003319E-6,2.96000004,
,,,253.20003624E-6,2.91999984,
,,,253.60003929E-6,3.00000000,
,,,254.00004233E-6,2.91999984,
,,,254.40004538E-6,3.00000000,
,,,254.80004842E-6,2.96000004,
,,,255.20005147E-6,2.96000004,
,,,255.60005452E-6,3.00000000,
,,,256.00005756E-6,2.96000004,
,,,256.40003150E-6,2.96000004,
,,,256.80003455E-6,3.00000000,
,,,257.20003759E-6,3.00000000,
,,,257.60004064E-6,2.96000004,
,,,258.00004369E-6,2.96000004,
,,,258.40004673E-6,2.96000004,
,,,258.80004978E-6,2.96000004,
,,,259.20005282E-6,2.96000004,
,,,259.60005587E-6,3.00000000,
,,,260.00002981E-6,3.00000000,
,,,260.40003286E-6,2.91999984,
,,,260.80003590E-6,3.00000000,
,,,261.20003895E-6,3.00000000,
,,,261.60004199E-6,2.96000004,
,,,262.00004504E-6,2.96000004,
,,,262.40004809E-6,2.96000004,
,,,262.80005113E-6,2.91999984,
,,,263.20005418E-6,2.91999984,
,,,263.60005722E-6,3.00000000,
,,,264.00003117E-6,2.96000004,
,,,264.40003421E-6,3.03999996,
,,,264.80003726E-6,2.91999984,
,,,265.20004030E-6,3.00000000,
,,,265.60004335E-6,3.00000000,
,,,266.00004639E-6,3.00000000,
,,,266.40004944E-6,2.91999984,
,,,266.80005249E-6,2.91999984,
,,,267.20005553E-6,2.96000004,
,,,267.60002947E-6,3.00000000,
,,,268.00003252E-6,2.91999984,
,,,268.40003557E-6,2.96000004,
,,,268.80003861E-6,2.91999984,
,,,269.20004166E-6,2.91999984,
,,,269.60004470E-6,2.91999984,
,,,270.00004775E-6,2.96000004,
,,,270.40005079E-6,2.96000004,
,,,270.80005384E-6,3.00000000,
,,,271.20005689E-6,2.96000004,
,,,271.60003083E-6,2.96000004,
,,,272.00003387E-6,2.91999984,
,,,272.40003692E-6,2.96000004,
,,,272.80003997E-6,2.91999984,
,,,273.20004301E-6,3.00000000,
,,,273.60004606E-6,2.96000004,
,,,274.00004910E-6,2.96000004,
,,,274.40005215E-6,3.03999996,
,,,274.80005519E-6,2.91999984,
,,,275.20002914E-6,3.00000000,
,,,275.60003218E-6,3.00000000,
,,,276.00003523E-6,3.00000000,
,,,276.40003827E-6,2.91999984,
,,,276.80004132E-6,2.96000004,
,,,277.20004437E-6,2.96000004,
,,,277.60004741E-6,3.00000000,
,,,278.00005046E-6,2.87999988,
,,,278.40005350E-6,3.00000000,
,,,278.80005655E-6,2.96000004,
,,,279.20003049E-6,3.00000000,
,,,279.60003354E-6,2.91999984,
,,,280.00003658E-6,3.00000000,
,,,280.40003963E-6,2.96000004,
,,,280.80004267E-6,3.00000000,
,,,281.20004572E-6,2.96000004,
,,,281.60004877E-6,3.00000000,
,,,282.00005181E-6,2.96000004,
,,,282.40005486E-6,2.96000004,
,,,282.80005790E-6,2.87999988,
,,,283.20003184E-6,2.96000004,
,,,283.60003489E-6,2.96000004,
,,,284.00003794E-6,2.96000004,
,,,284.40004098E-6,2.96000004,
,,,284.80004403E-6,2.96000004,
,,,285.20004707E-6,2.96000004,
,,,285.60005012E-6,2.96000004,
,,,286.00005317E-6,2.96000004,
,,,286.40005621E-6,2.96000004,
,,,286.80003015E-6,2.96000004,
,,,287.20003320E-6,2.96000004,
,,,287.60003624E-6,2.87999988,
,,,288.00003929E-6,2.96000004,
,,,288.40004234E-6,3.03999996,
,,,288.80004538E-6,2.96000004,
,,,289.20004843E-6,3.00000000,
,,,289.60005147E-6,2.91999984,
,,,290.00005452E-6,3.00000000,
,,,290.40005757E-6,3.00000000,
,,,290.80003151E-6,3.00000000,
,,,291.20003455E-6,2.96000004,
,,,291.60003760E-6,3.00000000,
,,,292.00004064E-6,2.91999984,
,,,292.40004369E-6,2.96000004,
,,,292.80004674E-6,2.91999984,
,,,293.20004978E-6,2.96000004,
,,,293.60005283E-6,2.91999984,
,,,294.00005587E-6,3.00000000,
,,,294.40002982E-6,2.87999988,
,,,294.80003286E-6,2.96000004,
,,,295.20003591E-6,3.00000000,
,,,295.60003895E-6,2.91999984,
,,,296.00004200E-6,2.91999984,
,,,296.40004504E-6,3.00000000,
,,,296.80004809E-6,2.96000004,
,,,297.20005114E-6,2.96000004,
,,,297.60005418E-6,2.91999984,
,,,298.00005723E-6,2.96000004,
,,,298.40003117E-6,3.00000000,
,,,298.80003422E-6,3.00000000,
,,,299.20003726E-6,3.00000000,
,,,299.60004031E-6,3.00000000,
,,,300.00004335E-6,2.91999984,
,,,300.40004640E-6,2.96000004,
,,,300.80004944E-6,2.96000004,
,,,301.20005249E-6,2.96000004,
,,,301.60005554E-6,2.96000004,
,,,302.00002948E-6,2.91999984,
,,,302.40003252E-6,2.96000004,
,,,302.80003557E-6,2.96000004,
,,,303.20003862E-6,2.96000004,
,,,303.60004166E-6,2.96000004,
,,,304.00004471E-6,3.03999996,
,,,304.40004775E-6,2.91999984,
,,,304.80005080E-6,3.00000000,
,,,305.20005384E-6,2.96000004,
,,,305.60005689E-6,2.96000004,
,,,306.00003083E-6,2.87999988,
,,,306.40003388E-6,2.96000004,
,,,306.80003692E-6,2.91999984,
,,,307.20003997E-6,2.96000004,
,,,307.60004302E-6,2.91999984,
,,,308.00004606E-6,2.91999984,
,,,308.40004911E-6,2.91999984,
,,,308.80005215E-6,2.96000004,
,,,309.20005520E-6,2.91999984,
,,,309.60005824E-6,2.96000004,
,,,310.00003219E-6,2.96000004,
,,,310.40003523E-6,3.00000000,
,,,310.80003828E-6,2.91999984,
,,,311.20004132E-6,2.96000004,
,,,311.60004437E-6,2.96000004,
,,,312.00004742E-6,2.91999984,
,,,312.40005046E-6,2.96000004,
,,,312.80005351E-6,2.91999984,
,,,313.20005655E-6,2.96000004,
,,,313.60003049E-6,3.00000000,
,,,314.00003354E-6,2.96000004,
,,,314.40003659E-6,2.91999984,
,,,314.80003963E-6,2.96000004,
,,,315.20004268E-6,2.91999984,
,,,315.60004572E-6,2.96000004,
,,,316.00004877E-6,2.87999988,
,,,316.40005182E-6,2.96000004,
,,,316.80005486E-6,2.91999984,
,,,317.20005791E-6,3.00000000,
,,,317.60003185E-6,2.91999984,
,,,318.00003489E-6,3.00000000,
,,,318.40003794E-6,2.91999984,
,,,318.80004099E-6,2.96000004,
,,,319.20004403E-6,2.87999988,
,,,319.60004708E-6,2.96000004,
,,,320.00005012E-6,2.91999984,
,,,320.40005317E-6,3.00000000,
,,,320.80005622E-6,2.91999984,
,,,321.20003016E-6,3.03999996,
,,,321.60003320E-6,2.96000004,
,,,322.00003625E-6,3.00000000,
,,,322.40003929E-6,2.87999988,
,,,322.80004234E-6,-2.87999988,
,,,323.20004539E-6,-2.83999991,
,,,323.60004843E-6,-2.83999991,
,,,324.00005148E-6,-2.87999988,
,,,324.40005452E-6,-2.91999984,
,,,324.80005757E-6,-2.91999984,
,,,325.20003151E-6,-2.87999988,
,,,325.60003456E-6,-2.87999988,
,,,326.00003760E-6,-2.91999984,
,,,326.40004065E-6,-2.91999984,
,,,326.80004369E-6,-2.91999984,
,,,327.20004674E-6,-2.91999984,
,,,327.60004979E-6,-2.91999984,
,,,328.00005283E-6,-2.96000004,
,,,328.40005588E-6,-2.96000004,
,,,328.80002982E-6,-3.00000000,
,,,329.20003287E-6,-2.91999984,
,,,329.60003591E-6,-3.00000000,
,,,330.00003896E-6,-2.96000004,
,,,330.40004200E-6,-3.00000000,
,,,330.80004505E-6,-2.91999984,
,,,331.20004809E-6,-2.96000004,
,,,331.60005114E-6,-2.91999984,
,,,332.00005419E-6,-3.03999996,
,,,332.40005723E-6,-3.00000000,
,,,332.80003117E-6,-2.96000004,
,,,333.20003422E-6,-3.00000000,
,,,333.60003727E-6,-3.03999996,
,,,334.00004031E-6,-2.96000004,
,,,334.40004336E-6,-3.00000000,
,,,334.80004640E-6,-3.00000000,
,,,335.20004945E-6,-3.00000000,
,,,335.60005249E-6,-2.96000004,
,,,336.00005554E-6,-3.03999996,
,,,336.40005859E-6,-3.00000000,
,,,336.80003253E-6,-3.00000000,
,,,337.20003557E-6,-3.00000000,
,,,337.60003862E-6,-3.00000000,
,,,338.00004167E-6,-3.00000000,
,,,338.40004471E-6,-3.00000000,
,,,338.80004776E-6,-3.00000000,
,,,339.20005080E-6,-3.00000000,
,,,339.60005385E-6,-3.00000000,
,,,340.00005689E-6,-3.03999996,
,,,340.40003084E-6,-3.03999996,
,,,340.80003388E-6,-3.03999996,
,,,341.20003693E-6,-3.00000000,
,,,341.60003997E-6,-3.00000000,
,,,342.00004302E-6,-3.03999996,
,,,342.40004607E-6,-3.00000000,
,,,342.80004911E-6,-3.00000000,
,,,343.20005216E-6,-3.00000000,
,,,343.60005520E-6,-3.00000000,
,,,344.00005825E-6,-2.96000004,
,,,344.40003219E-6,-3.03999996,
,,,344.80003524E-6,-3.03999996,
,,,345.20003828E-6,-3.00000000,
,,,345.60004133E-6,-3.00000000,
,,,346.00004437E-6,-3.00000000,
,,,346.40004742E-6,-3.00000000,
,,,346.80005047E-6,-3.03999996,
,,,347.20005351E-6,-3.00000000,
,,,347.60005656E-6,-3.03999996,
,,,348.00003050E-6,-3.00000000,
,,,348.40003354E-6,-3.00000000,
,,,348.80003659E-6,-3.00000000,
,,,349.20003964E-6,-3.03999996,
,,,349.60004268E-6,-3.00000000,
,,,350.00004573E-6,-3.00000000,
,,,350.40004877E-6,-3.00000000,
,,,350.80005182E-6,-3.00000000,
,,,351.20005487E-6,-3.00000000,
,,,351.60005791E-6,-3.03999996,
,,,352.00003185E-6,-3.00000000,
,,,352.40003490E-6,-3.00000000,
,,,352.80003794E-6,-3.00000000,
,,,353.20004099E-6,-3.00000000,
,,,353.60004404E-6,-3.07999992,
,,,354.00004708E-6,-3.00000000,
,,,354.40005013E-6,-3.03999996,
,,,354.80005317E-6,-3.00000000,
,,,355.20005622E-6,-3.07999992,
,,,355.60003016E-6,-3.03999996,
,,,356.00003321E-6,-3.03999996,
,,,356.40003625E-6,-3.00000000,
,,,356.80003930E-6,-3.03999996,
,,,357.20004234E-6,-3.00000000,
,,,357.60004539E-6,-3.07999992,
,,,358.00004844E-6,-3.00000000,
,,,358.40005148E-6,-3.07999992,
,,,358.80005453E-6,-3.00000000,
,,,359.20005757E-6,-3.03999996,
,,,359.60003152E-6,-3.00000000,
,,,360.00003456E-6,-3.00000000,
,,,360.40003761E-6,-3.00000000,
,,,360.80004065E-6,-3.03999996,
,,,361.20004370E-6,-3.03999996,
,,,361.60004674E-6,-3.03999996,
,,,362.00004979E-6,-3.03999996,
,,,362.40005284E-6,-3.03999996,
,,,362.80005588E-6,-3.00000000,
,,,363.20005893E-6,-3.07999992,
,,,363.60003287E-6,-2.96000004,
,,,364.00003592E-6,-3.00000000,
,,,364.40003896E-6,-3.03999996,
,,,364.80004201E-6,-3.03999996,
,,,365.20004505E-6,-3.00000000,
,,,365.60004810E-6,-3.00000000,
,,,366.00005114E-6,-3.03999996,
,,,366.40005419E-6,-3.00000000,
,,,366.80005724E-6,-3.03999996,
,,,367.20003118E-6,-3.03999996,
,,,367.60003422E-6,-3.03999996,
,,,368.00003727E-6,-3.03999996,
,,,368.40004032E-6,-3.03999996,
,,,368.80004336E-6,-3.03999996,
,,,369.20004641E-6,-3.00000000,
,,,369.60004945E-6,-3.03999996,
,,,370.00005250E-6,-3.03999996,
,,,370.40005554E-6,-3.00000000,
,,,370.80005859E-6,-3.00000000,
,,,371.20003253E-6,-3.00000000,
,,,371.60003558E-6,-3.07999992,
,,,372.00003862E-6,-3.03999996,
,,,372.40004167E-6,-3.00000000,
,,,372.80004472E-6,-3.03999996,
,,,373.20004776E-6,-3.00000000,
,,,373.60005081E-6,-3.00000000,
,,,374.00005385E-6,-3.03999996,
,,,374.40005690E-6,-3.03999996,
,,,374.80003084E-6,-3.03999996,
,,,375.20003389E-6,-3.00000000,
,,,375.60003693E-6,-3.00000000,
,,,376.00003998E-6,-3.00000000,
,,,376.40004302E-6,-3.00000000,
,,,376.80004607E-6,-3.00000000,
,,,377.20004912E-6,-3.03999996,
,,,377.60005216E-6,-3.03999996,
,,,378.00005521E-6,-3.03999996,
,,,378.40005825E-6,-3.03999996,
,,,378.80003219E-6,-3.03999996,
,,,379.20003524E-6,-3.07999992,
,,,379.60003829E-6,-3.03999996,
,,,380.00004133E-6,-3.03999996,
,,,380.40004438E-6,-3.00000000,
,,,380.80004742E-6,-3.03999996,
,,,381.20005047E-6,-3.00000000,
,,,381.60005352E-6,-3.03999996,
,,,382.00005656E-6,-3.00000000,
,,,382.40003050E-6,-3.03999996,
,,,382.80003355E-6,-3.00000000,
,,,383.20003659E-6,-3.07999992,
,,,383.60003964E-6,-3.00000000,
,,,384.00004269E-6,-3.07999992,
,,,384.40004573E-6,-3.03999996,
,,,384.80004878E-6,-3.03999996,
,,,385.20005182E-6,-3.00000000,
,,,385.60005487E-6,-3.03999996,
,,,386.00005792E-6,-3.00000000,
,,,386.40003186E-6,-3.03999996,
,,,386.80003490E-6,-3.00000000,
,,,387.20003795E-6,-3.00000000,
,,,387.60004099E-6,-3.00000000,
,,,388.00004404E-6,-3.00000000,
,,,388.40004709E-6,-2.96000004,
,,,388.80005013E-6,-3.00000000,
,,,389.20005318E-6,-3.00000000,
,,,389.60005622E-6,-3.00000000,
,,,390.00005927E-6,-3.00000000,
,,,390.40003321E-6,-3.00000000,
,,,390.80003626E-6,-2.96000004,
,,,391.20003930E-6,-3.00000000,
,,,391.60004235E-6,-3.00000000,
,,,392.00004539E-6,-3.00000000,
,,,392.40004844E-6,-3.00000000,
,,,392.80005149E-6,-2.96000004,
,,,393.20005453E-6,-3.03999996,
,,,393.60005758E-6,-3.00000000,
,,,394.00003152E-6,-3.00000000,
,,,394.40003457E-6,-3.03999996,
,,,394.80003761E-6,-3.03999996,
,,,395.20004066E-6,-2.96000004,
,,,395.60004370E-6,-3.00000000,
,,,396.00004675E-6,-3.00000000,
,,,396.40004979E-6,-3.07999992,
,,,396.80005284E-6,-3.00000000,
,,,397.20005589E-6,-3.00000000,
,,,397.60005893E-6,-3.00000000,
,,,398.00003287E-6,-3.00000000,
,,,398.40003592E-6,-3.00000000,
,,,398.80003897E-6,-3.03999996,
,,,399.20004201E-6,-3.00000000,
,,,399.60004506E-6,-3.00000000,
,,,400.00004810E-6,-3.00000000,
,,,400.40005115E-6,-3.00000000,
,,,400.80005419E-6,-2.96000004,
,,,401.20005724E-6,-3.03999996,
,,,401.60003118E-6,-2.96000004,
,,,402.00003423E-6,-3.00000000,
,,,402.40003727E-6,-3.00000000,
,,,402.80004032E-6,2.83999991,
,,,403.20004337E-6,2.75999999,
,,,403.600046411E-6,2.79999995,
,,,404.000049457E-6,2.79999995,
,,,404.400052503E-6,2.83999991,
,,,404.800055549E-6,2.83999991,
,,,405.200058594E-6,2.79999995,
,,,405.600032536E-6,2.87999988,
,,,406.000035582E-6,2.83999991,
,,,406.400038628E-6,2.83999991,
,,,406.800041674E-6,2.87999988,
,,,407.200044720E-6,2.83999991,
,,,407.600047765E-6,2.83999991,
,,,408.000050811E-6,2.87999988,
,,,408.400053857E-6,2.83999991,
,,,408.800056903E-6,2.87999988,
,,,409.200030845E-6,2.87999988,
,,,409.600033890E-6,2.91999984,
,,,410.000036936E-6,2.83999991,
,,,410.400039982E-6,2.91999984,
,,,410.800043028E-6,2.87999988,
,,,411.200046074E-6,2.87999988,
,,,411.600049119E-6,2.79999995,
,,,412.000052165E-6,2.96000004,
,,,412.400055211E-6,2.83999991,
,,,412.800058257E-6,2.91999984,
,,,413.200032199E-6,2.83999991,
,,,413.600035245E-6,2.91999984,
,,,414.000038290E-6,2.91999984,
,,,414.400041336E-6,2.96000004,
,,,414.800044382E-6,2.87999988,
,,,415.200047428E-6,2.96000004,
,,,415.600050474E-6,2.91999984,
,,,416.000053519E-6,2.91999984,
,,,416.400056565E-6,2.87999988,
,,,416.800059611E-6,2.96000004,
,,,417.200033553E-6,2.87999988,
,,,417.600036599E-6,2.91999984,
,,,418.000039645E-6,2.91999984,
,,,418.400042690E-6,2.96000004,
,,,418.800045736E-6,2.87999988,
,,,419.200048782E-6,2.91999984,
,,,419.600051828E-6,2.91999984,
,,,420.000054874E-6,2.91999984,
,,,420.400057919E-6,2.96000004,
,,,420.800031861E-6,2.91999984,
,,,421.200034907E-6,2.96000004,
,,,421.600037953E-6,2.91999984,
,,,422.000040999E-6,2.91999984,
,,,422.400044044E-6,2.91999984,
,,,422.800047090E-6,3.00000000,
,,,423.200050136E-6,2.87999988,
,,,423.600053182E-6,2.96000004,
,,,424.000056228E-6,2.91999984,
,,,424.400059273E-6,3.00000000,
,,,424.800033215E-6,2.87999988,
,,,425.200036261E-6,2.91999984,
,,,425.600039307E-6,2.91999984,
,,,426.000042353E-6,3.00000000,
,,,426.400045399E-6,2.87999988,
,,,426.800048444E-6,2.91999984,
,,,427.200051490E-6,2.96000004,
,,,427.600054536E-6,2.96000004,
,,,428.000057582E-6,2.91999984,
,,,428.400031524E-6,2.96000004,
,,,428.800034570E-6,2.91999984,
,,,429.200037615E-6,2.91999984,
,,,429.600040661E-6,2.91999984,
,,,430.000043707E-6,2.96000004,
,,,430.400046753E-6,2.91999984,
,,,430.800049799E-6,2.96000004,
,,,431.200052844E-6,2.91999984,
,,,431.600055890E-6,2.91999984,
,,,432.000058936E-6,2.96000004,
,,,432.400032878E-6,2.96000004,
,,,432.800035924E-6,3.00000000,
,,,433.200038970E-6,2.91999984,
,,,433.600042015E-6,2.96000004,
,,,434.000045061E-6,2.91999984,
,,,434.400048107E-6,2.96000004,
,,,434.800051153E-6,2.87999988,
,,,435.200054199E-6,2.96000004,
,,,435.600057244E-6,2.91999984,
,,,436.000031186E-6,2.96000004,
,,,436.400034232E-6,2.87999988,
,,,436.800037278E-6,3.00000000,
,,,437.200040324E-6,3.00000000,
,,,437.600043369E-6,2.96000004,
,,,438.000046415E-6,2.87999988,
,,,438.400049461E-6,3.00000000,
,,,438.800052507E-6,2.91999984,
,,,439.200055553E-6,2.91999984,
,,,439.600058598E-6,2.96000004,
,,,440.000032540E-6,2.96000004,
,,,440.400035586E-6,2.96000004,
,,,440.800038632E-6,2.91999984,
,,,441.200041678E-6,2.83999991,
,,,441.600044724E-6,2.91999984,
,,,442.000047769E-6,2.91999984,
,,,442.400050815E-6,2.96000004,
,,,442.800053861E-6,2.96000004,
,,,443.200056907E-6,3.00000000,
,,,443.600059953E-6,2.96000004,
,,,444.000033895E-6,2.96000004,
,,,444.400036940E-6,2.96000004,
,,,444.800039986E-6,3.00000000,
,,,445.200043032E-6,2.96000004,
,,,445.600046078E-6,2.96000004,
,,,446.000049124E-6,2.91999984,
,,,446.400052169E-6,2.96000004,
,,,446.800055215E-6,2.96000004,
,,,447.200058261E-6,2.96000004,
,,,447.600032203E-6,3.00000000,
,,,448.000035249E-6,2.96000004,
,,,448.400038294E-6,3.00000000,
,,,448.800041340E-6,2.96000004,
,,,449.200044386E-6,3.00000000,
,,,449.600047432E-6,2.91999984,
,,,450.000050478E-6,2.91999984,
,,,450.400053523E-6,3.00000000,
,,,450.800056569E-6,2.96000004,
,,,451.200059615E-6,2.87999988,
,,,451.600033557E-6,2.96000004,
,,,452.000036603E-6,2.91999984,
,,,452.400039649E-6,3.00000000,
,,,452.800042694E-6,2.96000004,
,,,453.200045740E-6,2.91999984,
,,,453.600048786E-6,2.96000004,
,,,454.000051832E-6,2.96000004,
,,,454.400054878E-6,2.91999984,
,,,454.800057923E-6,2.96000004,
,,,455.200031865E-6,2.91999984,
,,,455.600034911E-6,2.96000004,
,,,456.000037957E-6,2.96000004,
,,,456.400041003E-6,2.96000004,
,,,456.800044049E-6,2.96000004,
,,,457.200047094E-6,2.96000004,
,,,457.600050140E-6,2.96000004,
,,,458.000053186E-6,2.96000004,
,,,458.400056232E-6,2.96000004,
,,,458.800059278E-6,2.91999984,
,,,459.200033220E-6,3.00000000,
,,,459.600036265E-6,2.96000004,
,,,460.000039311E-6,2.91999984,
,,,460.400042357E-6,2.91999984,
,,,460.800045403E-6,2.91999984,
,,,461.200048449E-6,2.91999984,
,,,461.600051494E-6,2.96000004,
,,,462.000054540E-6,2.96000004,
,,,462.400057586E-6,3.00000000,
,,,462.800031528E-6,2.91999984,
,,,463.200034574E-6,2.96000004,
,,,463.600037619E-6,2.96000004,
,,,464.000040665E-6,2.96000004,
,,,464.400043711E-6,2.91999984,
,,,464.800046757E-6,2.96000004,
,,,465.200049803E-6,2.96000004,
,,,465.600052848E-6,3.00000000,
,,,466.000055894E-6,2.91999984,
,,,466.400058940E-6,3.00000000,
,,,466.800032882E-6,2.91999984,
,,,467.200035928E-6,2.96000004,
,,,467.600038974E-6,2.96000004,
,,,468.000042019E-6,3.00000000,
,,,468.400045065E-6,3.00000000,
,,,468.800048111E-6,2.91999984,
,,,469.200051157E-6,2.96000004,
,,,469.600054203E-6,2.96000004,
,,,470.000057248E-6,2.96000004,
,,,470.400060294E-6,3.00000000,
,,,470.800034236E-6,2.96000004,
,,,471.200037282E-6,3.00000000,
,,,471.600040328E-6,2.96000004,
,,,472.000043374E-6,2.96000004,
,,,472.400046419E-6,3.00000000,
,,,472.800049465E-6,2.96000004,
,,,473.200052511E-6,3.00000000,
,,,473.600055557E-6,2.96000004,
,,,474.000058603E-6,3.00000000,
,,,474.400032545E-6,2.96000004,
,,,474.800035590E-6,2.96000004,
,,,475.200038636E-6,2.91999984,
,,,475.600041682E-6,2.91999984,
,,,476.000044728E-6,2.87999988,
,,,476.400047773E-6,3.00000000,
,,,476.800050819E-6,2.96000004,
,,,477.200053865E-6,2.96000004,
,,,477.600056911E-6,2.96000004,
,,,478.000059957E-6,3.00000000,
,,,478.400033899E-6,2.91999984,
,,,478.800036944E-6,3.00000000,
,,,479.200039990E-6,2.91999984,
,,,479.600043036E-6,2.96000004,
,,,480.000046082E-6,2.96000004,
,,,480.400049128E-6,2.96000004,
,,,480.800052173E-6,2.87999988,
,,,481.200055219E-6,2.96000004,
,,,481.600058265E-6,2.96000004,
,,,482.000032207E-6,3.00000000,
,,,482.400035253E-6,2.91999984,
,,,482.800038299E-6,3.00000000,
,,,483.200041344E-6,3.00000000,
,,,483.600044390E-6,2.96000004,
,,,484.000047436E-6,2.96000004,
,,,484.400050482E-6,3.00000000,
,,,484.800053528E-6,3.00000000,
,,,485.200056573E-6,2.96000004,
,,,485.600059619E-6,2.91999984,
,,,486.000033561E-6,2.96000004,
,,,486.400036607E-6,2.96000004,
,,,486.800039653E-6,2.96000004,
,,,487.200042699E-6,3.00000000,
,,,487.600045744E-6,2.96000004,
,,,488.000048790E-6,2.96000004,
,,,488.400051836E-6,3.00000000,
,,,488.800054882E-6,3.00000000,
,,,489.200057928E-6,2.96000004,
,,,489.600060973E-6,2.96000004,
,,,490.000064019E-6,2.96000004,
,,,490.400067065E-6,2.91999984,
,,,490.800070111E-6,2.87999988,
,,,491.200073157E-6,3.00000000,
,,,491.600017995E-6,2.96000004,
,,,492.000021040E-6,3.03999996,
,,,492.400024086E-6,2.91999984,
,,,492.800027132E-6,2.96000004,
,,,493.200030178E-6,3.00000000,
,,,493.600033224E-6,2.91999984,
,,,494.000036269E-6,2.91999984,
,,,494.400039315E-6,3.00000000,
,,,494.800042361E-6,2.91999984,
,,,495.200045407E-6,2.96000004,
,,,495.600048453E-6,2.91999984,
,,,496.000051498E-6,2.96000004,
,,,496.400054544E-6,2.96000004,
,,,496.800057590E-6,2.96000004,
,,,497.200060636E-6,2.96000004,
,,,497.600063682E-6,2.96000004,
,,,498.000066727E-6,2.96000004,
,,,498.400069773E-6,2.96000004,
,,,498.800072819E-6,2.96000004,
,,,499.200017657E-6,2.96000004,
,,,499.600020703E-6,3.00000000,
